Timing Analyzer report for first_cpu_mem
Wed Aug  5 09:25:48 2026
Quartus Prime Version 20.1.1 Build 720 11/11/2020 SJ Standard Edition


---------------------
; Table of Contents ;
---------------------
  1. Legal Notice
  2. Timing Analyzer Summary
  3. Parallel Compilation
  4. SDC File List
  5. Clocks
  6. Slow 1200mV 85C Model Fmax Summary
  7. Timing Closure Recommendations
  8. Slow 1200mV 85C Model Setup Summary
  9. Slow 1200mV 85C Model Hold Summary
 10. Slow 1200mV 85C Model Recovery Summary
 11. Slow 1200mV 85C Model Removal Summary
 12. Slow 1200mV 85C Model Minimum Pulse Width Summary
 13. Slow 1200mV 85C Model Setup: 'clk'
 14. Slow 1200mV 85C Model Hold: 'clk'
 15. Slow 1200mV 85C Model Metastability Summary
 16. Slow 1200mV 0C Model Fmax Summary
 17. Slow 1200mV 0C Model Setup Summary
 18. Slow 1200mV 0C Model Hold Summary
 19. Slow 1200mV 0C Model Recovery Summary
 20. Slow 1200mV 0C Model Removal Summary
 21. Slow 1200mV 0C Model Minimum Pulse Width Summary
 22. Slow 1200mV 0C Model Setup: 'clk'
 23. Slow 1200mV 0C Model Hold: 'clk'
 24. Slow 1200mV 0C Model Metastability Summary
 25. Fast 1200mV 0C Model Setup Summary
 26. Fast 1200mV 0C Model Hold Summary
 27. Fast 1200mV 0C Model Recovery Summary
 28. Fast 1200mV 0C Model Removal Summary
 29. Fast 1200mV 0C Model Minimum Pulse Width Summary
 30. Fast 1200mV 0C Model Setup: 'clk'
 31. Fast 1200mV 0C Model Hold: 'clk'
 32. Fast 1200mV 0C Model Metastability Summary
 33. Multicorner Timing Analysis Summary
 34. Board Trace Model Assignments
 35. Input Transition Times
 36. Signal Integrity Metrics (Slow 1200mv 0c Model)
 37. Signal Integrity Metrics (Slow 1200mv 85c Model)
 38. Signal Integrity Metrics (Fast 1200mv 0c Model)
 39. Setup Transfers
 40. Hold Transfers
 41. Report TCCS
 42. Report RSKM
 43. Unconstrained Paths Summary
 44. Clock Status Summary
 45. Unconstrained Input Ports
 46. Unconstrained Output Ports
 47. Unconstrained Input Ports
 48. Unconstrained Output Ports
 49. Timing Analyzer Messages



----------------
; Legal Notice ;
----------------
Copyright (C) 2020  Intel Corporation. All rights reserved.
Your use of Intel Corporation's design tools, logic functions 
and other software and tools, and any partner logic 
functions, and any output files from any of the foregoing 
(including device programming or simulation files), and any 
associated documentation or information are expressly subject 
to the terms and conditions of the Intel Program License 
Subscription Agreement, the Intel Quartus Prime License Agreement,
the Intel FPGA IP License Agreement, or other applicable license
agreement, including, without limitation, that your use is for
the sole purpose of programming logic devices manufactured by
Intel and sold by Intel or its authorized distributors.  Please
refer to the applicable agreement for further details, at
https://fpgasoftware.intel.com/eula.



+---------------------------------------------------------------------------------+
; Timing Analyzer Summary                                                         ;
+-----------------------+---------------------------------------------------------+
; Quartus Prime Version ; Version 20.1.1 Build 720 11/11/2020 SJ Standard Edition ;
; Timing Analyzer       ; Legacy Timing Analyzer                                  ;
; Revision Name         ; first_cpu_mem                                           ;
; Device Family         ; Cyclone IV E                                            ;
; Device Name           ; EP4CE115F29C7                                           ;
; Timing Models         ; Final                                                   ;
; Delay Model           ; Combined                                                ;
; Rise/Fall Delays      ; Enabled                                                 ;
+-----------------------+---------------------------------------------------------+


+------------------------------------------+
; Parallel Compilation                     ;
+----------------------------+-------------+
; Processors                 ; Number      ;
+----------------------------+-------------+
; Number detected on machine ; 32          ;
; Maximum allowed            ; 12          ;
;                            ;             ;
; Average used               ; 1.07        ;
; Maximum used               ; 12          ;
;                            ;             ;
; Usage by Processor         ; % Time Used ;
;     Processor 1            ; 100.0%      ;
;     Processor 2            ;   1.4%      ;
;     Processor 3            ;   1.4%      ;
;     Processor 4            ;   1.4%      ;
;     Processors 5-12        ;   0.4%      ;
+----------------------------+-------------+


+---------------------------------------------------+
; SDC File List                                     ;
+---------------+--------+--------------------------+
; SDC File Path ; Status ; Read at                  ;
+---------------+--------+--------------------------+
; SDC1.sdc      ; OK     ; Wed Aug  5 09:25:47 2026 ;
+---------------+--------+--------------------------+


+---------------------------------------------------------------------------------------------------------------------------------------------------------------------------------+
; Clocks                                                                                                                                                                          ;
+------------+------+--------+-----------+-------+--------+------------+-----------+-------------+-------+--------+-----------+------------+----------+--------+--------+---------+
; Clock Name ; Type ; Period ; Frequency ; Rise  ; Fall   ; Duty Cycle ; Divide by ; Multiply by ; Phase ; Offset ; Edge List ; Edge Shift ; Inverted ; Master ; Source ; Targets ;
+------------+------+--------+-----------+-------+--------+------------+-----------+-------------+-------+--------+-----------+------------+----------+--------+--------+---------+
; clk        ; Base ; 20.000 ; 50.0 MHz  ; 0.000 ; 10.000 ;            ;           ;             ;       ;        ;           ;            ;          ;        ;        ; { CLK } ;
+------------+------+--------+-----------+-------+--------+------------+-----------+-------------+-------+--------+-----------+------------+----------+--------+--------+---------+


+--------------------------------------------------+
; Slow 1200mV 85C Model Fmax Summary               ;
+------------+-----------------+------------+------+
; Fmax       ; Restricted Fmax ; Clock Name ; Note ;
+------------+-----------------+------------+------+
; 144.63 MHz ; 144.63 MHz      ; clk        ;      ;
+------------+-----------------+------------+------+
This panel reports FMAX for every clock in the design, regardless of the user-specified clock periods.  FMAX is only computed for paths where the source and destination registers or ports are driven by the same clock.  Paths of different clocks, including generated clocks, are ignored.  For paths between a clock and its inversion, FMAX is computed as if the rising and falling edges are scaled along with FMAX, such that the duty cycle (in terms of a percentage) is maintained. Altera recommends that you always use clock constraints and other slack reports for sign-off analysis.


----------------------------------
; Timing Closure Recommendations ;
----------------------------------
HTML report is unavailable in plain text report export.


+-------------------------------------+
; Slow 1200mV 85C Model Setup Summary ;
+-------+--------+--------------------+
; Clock ; Slack  ; End Point TNS      ;
+-------+--------+--------------------+
; clk   ; 13.086 ; 0.000              ;
+-------+--------+--------------------+


+------------------------------------+
; Slow 1200mV 85C Model Hold Summary ;
+-------+-------+--------------------+
; Clock ; Slack ; End Point TNS      ;
+-------+-------+--------------------+
; clk   ; 0.445 ; 0.000              ;
+-------+-------+--------------------+


------------------------------------------
; Slow 1200mV 85C Model Recovery Summary ;
------------------------------------------
No paths to report.


-----------------------------------------
; Slow 1200mV 85C Model Removal Summary ;
-----------------------------------------
No paths to report.


+---------------------------------------------------+
; Slow 1200mV 85C Model Minimum Pulse Width Summary ;
+-------+-------+-----------------------------------+
; Clock ; Slack ; End Point TNS                     ;
+-------+-------+-----------------------------------+
; clk   ; 9.675 ; 0.000                             ;
+-------+-------+-----------------------------------+


+--------------------------------------------------------------------------------------------------------------------------------------------------------------------------------------------------------------------------------------------------------------------------------------------------------------+
; Slow 1200mV 85C Model Setup: 'clk'                                                                                                                                                                                                                                                                           ;
+--------+---------------------------------------------------------------------------------------------------------------+---------------------------------------------------------------------------------------------------------------+--------------+-------------+--------------+------------+------------+
; Slack  ; From Node                                                                                                     ; To Node                                                                                                       ; Launch Clock ; Latch Clock ; Relationship ; Clock Skew ; Data Delay ;
+--------+---------------------------------------------------------------------------------------------------------------+---------------------------------------------------------------------------------------------------------------+--------------+-------------+--------------+------------+------------+
; 13.086 ; lpm_rom:inst1|altrom:srom|altsyncram:rom_block|altsyncram_7001:auto_generated|ram_block1a0~porta_address_reg0 ; 8dffe:ACC|36                                                                                                  ; clk          ; clk         ; 20.000       ; -0.474     ; 6.458      ;
; 13.089 ; lpm_rom:inst1|altrom:srom|altsyncram:rom_block|altsyncram_7001:auto_generated|ram_block1a0~porta_address_reg0 ; 8dffe:ACC|35                                                                                                  ; clk          ; clk         ; 20.000       ; -0.474     ; 6.455      ;
; 13.218 ; lpm_rom:inst1|altrom:srom|altsyncram:rom_block|altsyncram_7001:auto_generated|ram_block1a0~porta_address_reg0 ; 8dffe:ACC|34                                                                                                  ; clk          ; clk         ; 20.000       ; -0.474     ; 6.326      ;
; 13.221 ; lpm_rom:inst1|altrom:srom|altsyncram:rom_block|altsyncram_7001:auto_generated|ram_block1a0~porta_address_reg0 ; 8dffe:ACC|33                                                                                                  ; clk          ; clk         ; 20.000       ; -0.474     ; 6.323      ;
; 13.350 ; lpm_rom:inst1|altrom:srom|altsyncram:rom_block|altsyncram_7001:auto_generated|ram_block1a0~porta_address_reg0 ; 8dffe:ACC|32                                                                                                  ; clk          ; clk         ; 20.000       ; -0.474     ; 6.194      ;
; 13.353 ; lpm_rom:inst1|altrom:srom|altsyncram:rom_block|altsyncram_7001:auto_generated|ram_block1a0~porta_address_reg0 ; 8dffe:ACC|31                                                                                                  ; clk          ; clk         ; 20.000       ; -0.474     ; 6.191      ;
; 13.482 ; lpm_rom:inst1|altrom:srom|altsyncram:rom_block|altsyncram_7001:auto_generated|ram_block1a0~porta_address_reg0 ; 8dffe:ACC|30                                                                                                  ; clk          ; clk         ; 20.000       ; -0.474     ; 6.062      ;
; 13.918 ; lpm_rom:inst1|altrom:srom|altsyncram:rom_block|altsyncram_7001:auto_generated|ram_block1a0~porta_address_reg0 ; 8dffe:ACC|29                                                                                                  ; clk          ; clk         ; 20.000       ; -0.474     ; 5.626      ;
; 16.749 ; 8dffe:PC|29                                                                                                   ; 8dffe:PC|36                                                                                                   ; clk          ; clk         ; 20.000       ; -0.186     ; 3.083      ;
; 16.754 ; 8dffe:PC|29                                                                                                   ; 8dffe:PC|35                                                                                                   ; clk          ; clk         ; 20.000       ; -0.186     ; 3.078      ;
; 16.881 ; 8dffe:PC|29                                                                                                   ; 8dffe:PC|34                                                                                                   ; clk          ; clk         ; 20.000       ; -0.186     ; 2.951      ;
; 16.886 ; 8dffe:PC|29                                                                                                   ; 8dffe:PC|33                                                                                                   ; clk          ; clk         ; 20.000       ; -0.186     ; 2.946      ;
; 17.013 ; 8dffe:PC|29                                                                                                   ; 8dffe:PC|32                                                                                                   ; clk          ; clk         ; 20.000       ; -0.186     ; 2.819      ;
; 17.018 ; 8dffe:PC|29                                                                                                   ; 8dffe:PC|31                                                                                                   ; clk          ; clk         ; 20.000       ; -0.186     ; 2.814      ;
; 17.521 ; 8dffe:PC|35                                                                                                   ; lpm_rom:inst1|altrom:srom|altsyncram:rom_block|altsyncram_7001:auto_generated|ram_block1a0~porta_address_reg0 ; clk          ; clk         ; 20.000       ; 0.040      ; 2.577      ;
; 17.526 ; 8dffe:PC|29                                                                                                   ; 8dffe:PC|30                                                                                                   ; clk          ; clk         ; 20.000       ; -0.186     ; 2.306      ;
; 17.530 ; 8dffe:PC|30                                                                                                   ; lpm_rom:inst1|altrom:srom|altsyncram:rom_block|altsyncram_7001:auto_generated|ram_block1a0~porta_address_reg0 ; clk          ; clk         ; 20.000       ; 0.040      ; 2.568      ;
; 17.592 ; 8dffe:PC|36                                                                                                   ; lpm_rom:inst1|altrom:srom|altsyncram:rom_block|altsyncram_7001:auto_generated|ram_block1a0~porta_address_reg0 ; clk          ; clk         ; 20.000       ; 0.040      ; 2.506      ;
; 17.644 ; 8dffe:PC|33                                                                                                   ; lpm_rom:inst1|altrom:srom|altsyncram:rom_block|altsyncram_7001:auto_generated|ram_block1a0~porta_address_reg0 ; clk          ; clk         ; 20.000       ; 0.040      ; 2.454      ;
; 17.658 ; 8dffe:PC|32                                                                                                   ; lpm_rom:inst1|altrom:srom|altsyncram:rom_block|altsyncram_7001:auto_generated|ram_block1a0~porta_address_reg0 ; clk          ; clk         ; 20.000       ; 0.040      ; 2.440      ;
; 17.703 ; 8dffe:PC|29                                                                                                   ; bcd2ssd:inst3|SSD_reg[2]                                                                                      ; clk          ; clk         ; 20.000       ; -0.186     ; 2.129      ;
; 17.703 ; 8dffe:PC|29                                                                                                   ; bcd2ssd:inst3|SSD_reg[3]                                                                                      ; clk          ; clk         ; 20.000       ; -0.186     ; 2.129      ;
; 17.704 ; 8dffe:PC|29                                                                                                   ; bcd2ssd:inst3|SSD_reg[0]                                                                                      ; clk          ; clk         ; 20.000       ; -0.186     ; 2.128      ;
; 17.705 ; 8dffe:PC|29                                                                                                   ; bcd2ssd:inst3|SSD_reg[6]                                                                                      ; clk          ; clk         ; 20.000       ; -0.186     ; 2.127      ;
; 17.709 ; 8dffe:PC|29                                                                                                   ; bcd2ssd:inst3|SSD_reg[1]                                                                                      ; clk          ; clk         ; 20.000       ; -0.186     ; 2.123      ;
; 17.742 ; 8dffe:PC|29                                                                                                   ; bcd2ssd:inst3|SSD_reg[4]                                                                                      ; clk          ; clk         ; 20.000       ; -0.186     ; 2.090      ;
; 17.746 ; 8dffe:PC|29                                                                                                   ; bcd2ssd:inst3|SSD_reg[5]                                                                                      ; clk          ; clk         ; 20.000       ; -0.186     ; 2.086      ;
; 17.820 ; 8dffe:ACC|29                                                                                                  ; 8dffe:ACC|36                                                                                                  ; clk          ; clk         ; 20.000       ; -0.046     ; 2.152      ;
; 17.827 ; 8dffe:PC|30                                                                                                   ; 8dffe:PC|36                                                                                                   ; clk          ; clk         ; 20.000       ; -0.048     ; 2.143      ;
; 17.858 ; 8dffe:PC|31                                                                                                   ; 8dffe:PC|36                                                                                                   ; clk          ; clk         ; 20.000       ; -0.048     ; 2.112      ;
; 17.864 ; 8dffe:PC|30                                                                                                   ; 8dffe:PC|35                                                                                                   ; clk          ; clk         ; 20.000       ; -0.048     ; 2.106      ;
; 17.919 ; 8dffe:PC|31                                                                                                   ; lpm_rom:inst1|altrom:srom|altsyncram:rom_block|altsyncram_7001:auto_generated|ram_block1a0~porta_address_reg0 ; clk          ; clk         ; 20.000       ; 0.040      ; 2.179      ;
; 17.948 ; 8dffe:PC|34                                                                                                   ; lpm_rom:inst1|altrom:srom|altsyncram:rom_block|altsyncram_7001:auto_generated|ram_block1a0~porta_address_reg0 ; clk          ; clk         ; 20.000       ; 0.040      ; 2.150      ;
; 17.952 ; 8dffe:ACC|29                                                                                                  ; 8dffe:ACC|34                                                                                                  ; clk          ; clk         ; 20.000       ; -0.046     ; 2.020      ;
; 17.952 ; 8dffe:ACC|31                                                                                                  ; 8dffe:ACC|36                                                                                                  ; clk          ; clk         ; 20.000       ; -0.046     ; 2.020      ;
; 17.959 ; 8dffe:PC|30                                                                                                   ; 8dffe:PC|34                                                                                                   ; clk          ; clk         ; 20.000       ; -0.048     ; 2.011      ;
; 17.971 ; 8dffe:ACC|29                                                                                                  ; 8dffe:ACC|35                                                                                                  ; clk          ; clk         ; 20.000       ; -0.046     ; 2.001      ;
; 17.990 ; 8dffe:PC|31                                                                                                   ; 8dffe:PC|34                                                                                                   ; clk          ; clk         ; 20.000       ; -0.048     ; 1.980      ;
; 17.996 ; 8dffe:PC|30                                                                                                   ; 8dffe:PC|33                                                                                                   ; clk          ; clk         ; 20.000       ; -0.048     ; 1.974      ;
; 18.009 ; 8dffe:PC|31                                                                                                   ; 8dffe:PC|35                                                                                                   ; clk          ; clk         ; 20.000       ; -0.048     ; 1.961      ;
; 18.041 ; 8dffe:ACC|30                                                                                                  ; 8dffe:ACC|36                                                                                                  ; clk          ; clk         ; 20.000       ; -0.046     ; 1.931      ;
; 18.072 ; 8dffe:ACC|30                                                                                                  ; 8dffe:ACC|35                                                                                                  ; clk          ; clk         ; 20.000       ; -0.046     ; 1.900      ;
; 18.080 ; 8dffe:PC|32                                                                                                   ; 8dffe:PC|36                                                                                                   ; clk          ; clk         ; 20.000       ; -0.048     ; 1.890      ;
; 18.084 ; 8dffe:ACC|29                                                                                                  ; 8dffe:ACC|32                                                                                                  ; clk          ; clk         ; 20.000       ; -0.046     ; 1.888      ;
; 18.084 ; 8dffe:ACC|31                                                                                                  ; 8dffe:ACC|34                                                                                                  ; clk          ; clk         ; 20.000       ; -0.046     ; 1.888      ;
; 18.085 ; 8dffe:PC|33                                                                                                   ; 8dffe:PC|36                                                                                                   ; clk          ; clk         ; 20.000       ; -0.048     ; 1.885      ;
; 18.087 ; 8dffe:ACC|33                                                                                                  ; 8dffe:ACC|36                                                                                                  ; clk          ; clk         ; 20.000       ; -0.046     ; 1.885      ;
; 18.091 ; 8dffe:PC|30                                                                                                   ; 8dffe:PC|32                                                                                                   ; clk          ; clk         ; 20.000       ; -0.048     ; 1.879      ;
; 18.103 ; 8dffe:ACC|29                                                                                                  ; 8dffe:ACC|33                                                                                                  ; clk          ; clk         ; 20.000       ; -0.046     ; 1.869      ;
; 18.103 ; 8dffe:ACC|31                                                                                                  ; 8dffe:ACC|35                                                                                                  ; clk          ; clk         ; 20.000       ; -0.046     ; 1.869      ;
; 18.122 ; 8dffe:PC|31                                                                                                   ; 8dffe:PC|32                                                                                                   ; clk          ; clk         ; 20.000       ; -0.048     ; 1.848      ;
; 18.128 ; 8dffe:PC|30                                                                                                   ; 8dffe:PC|31                                                                                                   ; clk          ; clk         ; 20.000       ; -0.048     ; 1.842      ;
; 18.141 ; 8dffe:PC|31                                                                                                   ; 8dffe:PC|33                                                                                                   ; clk          ; clk         ; 20.000       ; -0.048     ; 1.829      ;
; 18.146 ; 8dffe:PC|32                                                                                                   ; 8dffe:PC|35                                                                                                   ; clk          ; clk         ; 20.000       ; -0.048     ; 1.824      ;
; 18.155 ; 8dffe:PC|29                                                                                                   ; lpm_rom:inst1|altrom:srom|altsyncram:rom_block|altsyncram_7001:auto_generated|ram_block1a0~porta_address_reg0 ; clk          ; clk         ; 20.000       ; -0.063     ; 1.840      ;
; 18.173 ; 8dffe:ACC|30                                                                                                  ; 8dffe:ACC|34                                                                                                  ; clk          ; clk         ; 20.000       ; -0.046     ; 1.799      ;
; 18.174 ; 8dffe:ACC|32                                                                                                  ; 8dffe:ACC|36                                                                                                  ; clk          ; clk         ; 20.000       ; -0.046     ; 1.798      ;
; 18.204 ; 8dffe:ACC|30                                                                                                  ; 8dffe:ACC|33                                                                                                  ; clk          ; clk         ; 20.000       ; -0.046     ; 1.768      ;
; 18.204 ; 8dffe:ACC|32                                                                                                  ; 8dffe:ACC|35                                                                                                  ; clk          ; clk         ; 20.000       ; -0.046     ; 1.768      ;
; 18.212 ; 8dffe:PC|32                                                                                                   ; 8dffe:PC|34                                                                                                   ; clk          ; clk         ; 20.000       ; -0.048     ; 1.758      ;
; 18.213 ; 8dffe:PC|35                                                                                                   ; 8dffe:PC|36                                                                                                   ; clk          ; clk         ; 20.000       ; -0.048     ; 1.757      ;
; 18.216 ; 8dffe:ACC|29                                                                                                  ; 8dffe:ACC|30                                                                                                  ; clk          ; clk         ; 20.000       ; -0.046     ; 1.756      ;
; 18.216 ; 8dffe:ACC|31                                                                                                  ; 8dffe:ACC|32                                                                                                  ; clk          ; clk         ; 20.000       ; -0.046     ; 1.756      ;
; 18.217 ; 8dffe:PC|33                                                                                                   ; 8dffe:PC|34                                                                                                   ; clk          ; clk         ; 20.000       ; -0.048     ; 1.753      ;
; 18.219 ; 8dffe:ACC|33                                                                                                  ; 8dffe:ACC|34                                                                                                  ; clk          ; clk         ; 20.000       ; -0.046     ; 1.753      ;
; 18.219 ; 8dffe:ACC|35                                                                                                  ; 8dffe:ACC|36                                                                                                  ; clk          ; clk         ; 20.000       ; -0.046     ; 1.753      ;
; 18.235 ; 8dffe:ACC|29                                                                                                  ; 8dffe:ACC|31                                                                                                  ; clk          ; clk         ; 20.000       ; -0.046     ; 1.737      ;
; 18.235 ; 8dffe:ACC|31                                                                                                  ; 8dffe:ACC|33                                                                                                  ; clk          ; clk         ; 20.000       ; -0.046     ; 1.737      ;
; 18.236 ; 8dffe:PC|33                                                                                                   ; 8dffe:PC|35                                                                                                   ; clk          ; clk         ; 20.000       ; -0.048     ; 1.734      ;
; 18.238 ; 8dffe:ACC|33                                                                                                  ; 8dffe:ACC|35                                                                                                  ; clk          ; clk         ; 20.000       ; -0.046     ; 1.734      ;
; 18.278 ; 8dffe:PC|32                                                                                                   ; 8dffe:PC|33                                                                                                   ; clk          ; clk         ; 20.000       ; -0.048     ; 1.692      ;
; 18.298 ; 8dffe:PC|34                                                                                                   ; 8dffe:PC|36                                                                                                   ; clk          ; clk         ; 20.000       ; -0.048     ; 1.672      ;
; 18.305 ; 8dffe:ACC|30                                                                                                  ; 8dffe:ACC|32                                                                                                  ; clk          ; clk         ; 20.000       ; -0.046     ; 1.667      ;
; 18.306 ; 8dffe:ACC|32                                                                                                  ; 8dffe:ACC|34                                                                                                  ; clk          ; clk         ; 20.000       ; -0.046     ; 1.666      ;
; 18.306 ; 8dffe:ACC|34                                                                                                  ; 8dffe:ACC|36                                                                                                  ; clk          ; clk         ; 20.000       ; -0.046     ; 1.666      ;
; 18.336 ; 8dffe:ACC|30                                                                                                  ; 8dffe:ACC|31                                                                                                  ; clk          ; clk         ; 20.000       ; -0.046     ; 1.636      ;
; 18.336 ; 8dffe:ACC|32                                                                                                  ; 8dffe:ACC|33                                                                                                  ; clk          ; clk         ; 20.000       ; -0.046     ; 1.636      ;
; 18.337 ; 8dffe:ACC|34                                                                                                  ; 8dffe:ACC|35                                                                                                  ; clk          ; clk         ; 20.000       ; -0.046     ; 1.635      ;
; 18.338 ; 8dffe:PC|34                                                                                                   ; 8dffe:PC|35                                                                                                   ; clk          ; clk         ; 20.000       ; -0.048     ; 1.632      ;
; 18.607 ; 8dffe:PC|30                                                                                                   ; 8dffe:PC|30                                                                                                   ; clk          ; clk         ; 20.000       ; -0.043     ; 1.368      ;
; 18.715 ; 8dffe:PC|31                                                                                                   ; bcd2ssd:inst3|SSD_reg[2]                                                                                      ; clk          ; clk         ; 20.000       ; -0.048     ; 1.255      ;
; 18.716 ; 8dffe:PC|32                                                                                                   ; bcd2ssd:inst3|SSD_reg[3]                                                                                      ; clk          ; clk         ; 20.000       ; -0.048     ; 1.254      ;
; 18.717 ; 8dffe:PC|32                                                                                                   ; bcd2ssd:inst3|SSD_reg[0]                                                                                      ; clk          ; clk         ; 20.000       ; -0.048     ; 1.253      ;
; 18.717 ; 8dffe:PC|32                                                                                                   ; bcd2ssd:inst3|SSD_reg[2]                                                                                      ; clk          ; clk         ; 20.000       ; -0.048     ; 1.253      ;
; 18.718 ; 8dffe:PC|31                                                                                                   ; bcd2ssd:inst3|SSD_reg[6]                                                                                      ; clk          ; clk         ; 20.000       ; -0.048     ; 1.252      ;
; 18.719 ; 8dffe:PC|32                                                                                                   ; bcd2ssd:inst3|SSD_reg[4]                                                                                      ; clk          ; clk         ; 20.000       ; -0.048     ; 1.251      ;
; 18.719 ; 8dffe:PC|32                                                                                                   ; bcd2ssd:inst3|SSD_reg[6]                                                                                      ; clk          ; clk         ; 20.000       ; -0.048     ; 1.251      ;
; 18.726 ; 8dffe:PC|32                                                                                                   ; bcd2ssd:inst3|SSD_reg[1]                                                                                      ; clk          ; clk         ; 20.000       ; -0.048     ; 1.244      ;
; 18.727 ; 8dffe:PC|31                                                                                                   ; bcd2ssd:inst3|SSD_reg[1]                                                                                      ; clk          ; clk         ; 20.000       ; -0.048     ; 1.243      ;
; 18.728 ; 8dffe:PC|31                                                                                                   ; bcd2ssd:inst3|SSD_reg[3]                                                                                      ; clk          ; clk         ; 20.000       ; -0.048     ; 1.242      ;
; 18.730 ; 8dffe:PC|32                                                                                                   ; 8dffe:PC|32                                                                                                   ; clk          ; clk         ; 20.000       ; -0.043     ; 1.245      ;
; 18.731 ; 8dffe:PC|31                                                                                                   ; bcd2ssd:inst3|SSD_reg[4]                                                                                      ; clk          ; clk         ; 20.000       ; -0.048     ; 1.239      ;
; 18.734 ; 8dffe:PC|31                                                                                                   ; bcd2ssd:inst3|SSD_reg[0]                                                                                      ; clk          ; clk         ; 20.000       ; -0.048     ; 1.236      ;
; 18.743 ; 8dffe:PC|31                                                                                                   ; bcd2ssd:inst3|SSD_reg[5]                                                                                      ; clk          ; clk         ; 20.000       ; -0.048     ; 1.227      ;
; 18.743 ; 8dffe:PC|32                                                                                                   ; bcd2ssd:inst3|SSD_reg[5]                                                                                      ; clk          ; clk         ; 20.000       ; -0.048     ; 1.227      ;
; 18.749 ; 8dffe:PC|31                                                                                                   ; 8dffe:PC|31                                                                                                   ; clk          ; clk         ; 20.000       ; -0.043     ; 1.226      ;
; 18.814 ; 8dffe:PC|34                                                                                                   ; 8dffe:PC|34                                                                                                   ; clk          ; clk         ; 20.000       ; -0.043     ; 1.161      ;
; 18.823 ; 8dffe:ACC|29                                                                                                  ; 8dffe:ACC|29                                                                                                  ; clk          ; clk         ; 20.000       ; -0.043     ; 1.152      ;
; 18.823 ; 8dffe:ACC|31                                                                                                  ; 8dffe:ACC|31                                                                                                  ; clk          ; clk         ; 20.000       ; -0.043     ; 1.152      ;
; 18.827 ; 8dffe:ACC|33                                                                                                  ; 8dffe:ACC|33                                                                                                  ; clk          ; clk         ; 20.000       ; -0.043     ; 1.148      ;
+--------+---------------------------------------------------------------------------------------------------------------+---------------------------------------------------------------------------------------------------------------+--------------+-------------+--------------+------------+------------+


+------------------------------------------------------------------------------------------------------------------------------------------------------------------------------------------------------------+
; Slow 1200mV 85C Model Hold: 'clk'                                                                                                                                                                          ;
+-------+--------------+---------------------------------------------------------------------------------------------------------------+--------------+-------------+--------------+------------+------------+
; Slack ; From Node    ; To Node                                                                                                       ; Launch Clock ; Latch Clock ; Relationship ; Clock Skew ; Data Delay ;
+-------+--------------+---------------------------------------------------------------------------------------------------------------+--------------+-------------+--------------+------------+------------+
; 0.445 ; 8dffe:PC|29  ; 8dffe:PC|29                                                                                                   ; clk          ; clk         ; 0.000        ; 0.043      ; 0.674      ;
; 0.479 ; 8dffe:ACC|36 ; 8dffe:ACC|36                                                                                                  ; clk          ; clk         ; 0.000        ; 0.043      ; 0.708      ;
; 0.480 ; 8dffe:PC|36  ; 8dffe:PC|36                                                                                                   ; clk          ; clk         ; 0.000        ; 0.043      ; 0.709      ;
; 0.675 ; 8dffe:PC|30  ; bcd2ssd:inst3|SSD_reg[1]                                                                                      ; clk          ; clk         ; 0.000        ; 0.048      ; 0.909      ;
; 0.676 ; 8dffe:PC|30  ; bcd2ssd:inst3|SSD_reg[5]                                                                                      ; clk          ; clk         ; 0.000        ; 0.048      ; 0.910      ;
; 0.685 ; 8dffe:PC|30  ; bcd2ssd:inst3|SSD_reg[0]                                                                                      ; clk          ; clk         ; 0.000        ; 0.048      ; 0.919      ;
; 0.685 ; 8dffe:PC|30  ; bcd2ssd:inst3|SSD_reg[6]                                                                                      ; clk          ; clk         ; 0.000        ; 0.048      ; 0.919      ;
; 0.686 ; 8dffe:PC|30  ; bcd2ssd:inst3|SSD_reg[3]                                                                                      ; clk          ; clk         ; 0.000        ; 0.048      ; 0.920      ;
; 0.687 ; 8dffe:PC|30  ; bcd2ssd:inst3|SSD_reg[2]                                                                                      ; clk          ; clk         ; 0.000        ; 0.048      ; 0.921      ;
; 0.692 ; 8dffe:PC|30  ; bcd2ssd:inst3|SSD_reg[4]                                                                                      ; clk          ; clk         ; 0.000        ; 0.048      ; 0.926      ;
; 0.694 ; 8dffe:PC|33  ; 8dffe:PC|33                                                                                                   ; clk          ; clk         ; 0.000        ; 0.043      ; 0.923      ;
; 0.695 ; 8dffe:ACC|35 ; 8dffe:ACC|35                                                                                                  ; clk          ; clk         ; 0.000        ; 0.043      ; 0.924      ;
; 0.696 ; 8dffe:PC|34  ; 8dffe:PC|34                                                                                                   ; clk          ; clk         ; 0.000        ; 0.043      ; 0.925      ;
; 0.696 ; 8dffe:ACC|30 ; 8dffe:ACC|30                                                                                                  ; clk          ; clk         ; 0.000        ; 0.043      ; 0.925      ;
; 0.696 ; 8dffe:ACC|33 ; 8dffe:ACC|33                                                                                                  ; clk          ; clk         ; 0.000        ; 0.043      ; 0.925      ;
; 0.696 ; 8dffe:ACC|32 ; 8dffe:ACC|32                                                                                                  ; clk          ; clk         ; 0.000        ; 0.043      ; 0.925      ;
; 0.696 ; 8dffe:ACC|34 ; 8dffe:ACC|34                                                                                                  ; clk          ; clk         ; 0.000        ; 0.043      ; 0.925      ;
; 0.697 ; 8dffe:PC|35  ; 8dffe:PC|35                                                                                                   ; clk          ; clk         ; 0.000        ; 0.043      ; 0.926      ;
; 0.699 ; 8dffe:ACC|29 ; 8dffe:ACC|29                                                                                                  ; clk          ; clk         ; 0.000        ; 0.043      ; 0.928      ;
; 0.699 ; 8dffe:ACC|31 ; 8dffe:ACC|31                                                                                                  ; clk          ; clk         ; 0.000        ; 0.043      ; 0.928      ;
; 0.746 ; 8dffe:PC|31  ; 8dffe:PC|31                                                                                                   ; clk          ; clk         ; 0.000        ; 0.043      ; 0.975      ;
; 0.749 ; 8dffe:PC|31  ; bcd2ssd:inst3|SSD_reg[3]                                                                                      ; clk          ; clk         ; 0.000        ; 0.048      ; 0.983      ;
; 0.749 ; 8dffe:PC|32  ; bcd2ssd:inst3|SSD_reg[5]                                                                                      ; clk          ; clk         ; 0.000        ; 0.048      ; 0.983      ;
; 0.751 ; 8dffe:PC|31  ; bcd2ssd:inst3|SSD_reg[0]                                                                                      ; clk          ; clk         ; 0.000        ; 0.048      ; 0.985      ;
; 0.752 ; 8dffe:PC|32  ; bcd2ssd:inst3|SSD_reg[0]                                                                                      ; clk          ; clk         ; 0.000        ; 0.048      ; 0.986      ;
; 0.754 ; 8dffe:PC|32  ; bcd2ssd:inst3|SSD_reg[4]                                                                                      ; clk          ; clk         ; 0.000        ; 0.048      ; 0.988      ;
; 0.754 ; 8dffe:PC|32  ; 8dffe:PC|32                                                                                                   ; clk          ; clk         ; 0.000        ; 0.043      ; 0.983      ;
; 0.755 ; 8dffe:PC|32  ; bcd2ssd:inst3|SSD_reg[6]                                                                                      ; clk          ; clk         ; 0.000        ; 0.048      ; 0.989      ;
; 0.761 ; 8dffe:PC|31  ; bcd2ssd:inst3|SSD_reg[5]                                                                                      ; clk          ; clk         ; 0.000        ; 0.048      ; 0.995      ;
; 0.769 ; 8dffe:PC|31  ; bcd2ssd:inst3|SSD_reg[2]                                                                                      ; clk          ; clk         ; 0.000        ; 0.048      ; 1.003      ;
; 0.769 ; 8dffe:PC|31  ; bcd2ssd:inst3|SSD_reg[6]                                                                                      ; clk          ; clk         ; 0.000        ; 0.048      ; 1.003      ;
; 0.770 ; 8dffe:PC|31  ; bcd2ssd:inst3|SSD_reg[1]                                                                                      ; clk          ; clk         ; 0.000        ; 0.048      ; 1.004      ;
; 0.770 ; 8dffe:PC|32  ; bcd2ssd:inst3|SSD_reg[2]                                                                                      ; clk          ; clk         ; 0.000        ; 0.048      ; 1.004      ;
; 0.772 ; 8dffe:PC|32  ; bcd2ssd:inst3|SSD_reg[1]                                                                                      ; clk          ; clk         ; 0.000        ; 0.048      ; 1.006      ;
; 0.782 ; 8dffe:PC|32  ; bcd2ssd:inst3|SSD_reg[3]                                                                                      ; clk          ; clk         ; 0.000        ; 0.048      ; 1.016      ;
; 0.791 ; 8dffe:PC|31  ; bcd2ssd:inst3|SSD_reg[4]                                                                                      ; clk          ; clk         ; 0.000        ; 0.048      ; 1.025      ;
; 0.915 ; 8dffe:PC|30  ; 8dffe:PC|30                                                                                                   ; clk          ; clk         ; 0.000        ; 0.043      ; 1.144      ;
; 1.007 ; 8dffe:PC|33  ; 8dffe:PC|34                                                                                                   ; clk          ; clk         ; 0.000        ; 0.048      ; 1.241      ;
; 1.008 ; 8dffe:ACC|35 ; 8dffe:ACC|36                                                                                                  ; clk          ; clk         ; 0.000        ; 0.046      ; 1.240      ;
; 1.009 ; 8dffe:PC|35  ; 8dffe:PC|36                                                                                                   ; clk          ; clk         ; 0.000        ; 0.048      ; 1.243      ;
; 1.009 ; 8dffe:ACC|33 ; 8dffe:ACC|34                                                                                                  ; clk          ; clk         ; 0.000        ; 0.046      ; 1.241      ;
; 1.010 ; 8dffe:ACC|29 ; 8dffe:ACC|30                                                                                                  ; clk          ; clk         ; 0.000        ; 0.046      ; 1.242      ;
; 1.010 ; 8dffe:ACC|31 ; 8dffe:ACC|32                                                                                                  ; clk          ; clk         ; 0.000        ; 0.046      ; 1.242      ;
; 1.018 ; 8dffe:PC|34  ; 8dffe:PC|35                                                                                                   ; clk          ; clk         ; 0.000        ; 0.048      ; 1.252      ;
; 1.023 ; 8dffe:PC|34  ; 8dffe:PC|36                                                                                                   ; clk          ; clk         ; 0.000        ; 0.048      ; 1.257      ;
; 1.023 ; 8dffe:ACC|30 ; 8dffe:ACC|31                                                                                                  ; clk          ; clk         ; 0.000        ; 0.046      ; 1.255      ;
; 1.023 ; 8dffe:ACC|32 ; 8dffe:ACC|33                                                                                                  ; clk          ; clk         ; 0.000        ; 0.046      ; 1.255      ;
; 1.023 ; 8dffe:ACC|34 ; 8dffe:ACC|35                                                                                                  ; clk          ; clk         ; 0.000        ; 0.046      ; 1.255      ;
; 1.028 ; 8dffe:ACC|30 ; 8dffe:ACC|32                                                                                                  ; clk          ; clk         ; 0.000        ; 0.046      ; 1.260      ;
; 1.028 ; 8dffe:ACC|32 ; 8dffe:ACC|34                                                                                                  ; clk          ; clk         ; 0.000        ; 0.046      ; 1.260      ;
; 1.028 ; 8dffe:ACC|34 ; 8dffe:ACC|36                                                                                                  ; clk          ; clk         ; 0.000        ; 0.046      ; 1.260      ;
; 1.059 ; 8dffe:PC|31  ; 8dffe:PC|32                                                                                                   ; clk          ; clk         ; 0.000        ; 0.048      ; 1.293      ;
; 1.076 ; 8dffe:PC|32  ; 8dffe:PC|33                                                                                                   ; clk          ; clk         ; 0.000        ; 0.048      ; 1.310      ;
; 1.081 ; 8dffe:PC|32  ; 8dffe:PC|34                                                                                                   ; clk          ; clk         ; 0.000        ; 0.048      ; 1.315      ;
; 1.128 ; 8dffe:PC|33  ; 8dffe:PC|35                                                                                                   ; clk          ; clk         ; 0.000        ; 0.048      ; 1.362      ;
; 1.130 ; 8dffe:ACC|33 ; 8dffe:ACC|35                                                                                                  ; clk          ; clk         ; 0.000        ; 0.046      ; 1.362      ;
; 1.131 ; 8dffe:ACC|29 ; 8dffe:ACC|31                                                                                                  ; clk          ; clk         ; 0.000        ; 0.046      ; 1.363      ;
; 1.131 ; 8dffe:ACC|31 ; 8dffe:ACC|33                                                                                                  ; clk          ; clk         ; 0.000        ; 0.046      ; 1.363      ;
; 1.133 ; 8dffe:PC|33  ; 8dffe:PC|36                                                                                                   ; clk          ; clk         ; 0.000        ; 0.048      ; 1.367      ;
; 1.135 ; 8dffe:ACC|33 ; 8dffe:ACC|36                                                                                                  ; clk          ; clk         ; 0.000        ; 0.046      ; 1.367      ;
; 1.136 ; 8dffe:ACC|29 ; 8dffe:ACC|32                                                                                                  ; clk          ; clk         ; 0.000        ; 0.046      ; 1.368      ;
; 1.136 ; 8dffe:ACC|31 ; 8dffe:ACC|34                                                                                                  ; clk          ; clk         ; 0.000        ; 0.046      ; 1.368      ;
; 1.149 ; 8dffe:ACC|30 ; 8dffe:ACC|33                                                                                                  ; clk          ; clk         ; 0.000        ; 0.046      ; 1.381      ;
; 1.149 ; 8dffe:ACC|32 ; 8dffe:ACC|35                                                                                                  ; clk          ; clk         ; 0.000        ; 0.046      ; 1.381      ;
; 1.154 ; 8dffe:ACC|30 ; 8dffe:ACC|34                                                                                                  ; clk          ; clk         ; 0.000        ; 0.046      ; 1.386      ;
; 1.154 ; 8dffe:ACC|32 ; 8dffe:ACC|36                                                                                                  ; clk          ; clk         ; 0.000        ; 0.046      ; 1.386      ;
; 1.180 ; 8dffe:PC|31  ; 8dffe:PC|33                                                                                                   ; clk          ; clk         ; 0.000        ; 0.048      ; 1.414      ;
; 1.185 ; 8dffe:PC|31  ; 8dffe:PC|34                                                                                                   ; clk          ; clk         ; 0.000        ; 0.048      ; 1.419      ;
; 1.202 ; 8dffe:PC|32  ; 8dffe:PC|35                                                                                                   ; clk          ; clk         ; 0.000        ; 0.048      ; 1.436      ;
; 1.207 ; 8dffe:PC|32  ; 8dffe:PC|36                                                                                                   ; clk          ; clk         ; 0.000        ; 0.048      ; 1.441      ;
; 1.220 ; 8dffe:PC|30  ; 8dffe:PC|31                                                                                                   ; clk          ; clk         ; 0.000        ; 0.048      ; 1.454      ;
; 1.225 ; 8dffe:PC|30  ; 8dffe:PC|32                                                                                                   ; clk          ; clk         ; 0.000        ; 0.048      ; 1.459      ;
; 1.257 ; 8dffe:ACC|29 ; 8dffe:ACC|33                                                                                                  ; clk          ; clk         ; 0.000        ; 0.046      ; 1.489      ;
; 1.257 ; 8dffe:ACC|31 ; 8dffe:ACC|35                                                                                                  ; clk          ; clk         ; 0.000        ; 0.046      ; 1.489      ;
; 1.262 ; 8dffe:ACC|29 ; 8dffe:ACC|34                                                                                                  ; clk          ; clk         ; 0.000        ; 0.046      ; 1.494      ;
; 1.262 ; 8dffe:ACC|31 ; 8dffe:ACC|36                                                                                                  ; clk          ; clk         ; 0.000        ; 0.046      ; 1.494      ;
; 1.275 ; 8dffe:ACC|30 ; 8dffe:ACC|35                                                                                                  ; clk          ; clk         ; 0.000        ; 0.046      ; 1.507      ;
; 1.280 ; 8dffe:ACC|30 ; 8dffe:ACC|36                                                                                                  ; clk          ; clk         ; 0.000        ; 0.046      ; 1.512      ;
; 1.306 ; 8dffe:PC|31  ; 8dffe:PC|35                                                                                                   ; clk          ; clk         ; 0.000        ; 0.048      ; 1.540      ;
; 1.311 ; 8dffe:PC|31  ; 8dffe:PC|36                                                                                                   ; clk          ; clk         ; 0.000        ; 0.048      ; 1.545      ;
; 1.346 ; 8dffe:PC|30  ; 8dffe:PC|33                                                                                                   ; clk          ; clk         ; 0.000        ; 0.048      ; 1.580      ;
; 1.351 ; 8dffe:PC|30  ; 8dffe:PC|34                                                                                                   ; clk          ; clk         ; 0.000        ; 0.048      ; 1.585      ;
; 1.381 ; 8dffe:PC|29  ; lpm_rom:inst1|altrom:srom|altsyncram:rom_block|altsyncram_7001:auto_generated|ram_block1a0~porta_address_reg0 ; clk          ; clk         ; 0.000        ; 0.159      ; 1.762      ;
; 1.383 ; 8dffe:ACC|29 ; 8dffe:ACC|35                                                                                                  ; clk          ; clk         ; 0.000        ; 0.046      ; 1.615      ;
; 1.388 ; 8dffe:ACC|29 ; 8dffe:ACC|36                                                                                                  ; clk          ; clk         ; 0.000        ; 0.046      ; 1.620      ;
; 1.472 ; 8dffe:PC|30  ; 8dffe:PC|35                                                                                                   ; clk          ; clk         ; 0.000        ; 0.048      ; 1.706      ;
; 1.477 ; 8dffe:PC|30  ; 8dffe:PC|36                                                                                                   ; clk          ; clk         ; 0.000        ; 0.048      ; 1.711      ;
; 1.526 ; 8dffe:PC|31  ; lpm_rom:inst1|altrom:srom|altsyncram:rom_block|altsyncram_7001:auto_generated|ram_block1a0~porta_address_reg0 ; clk          ; clk         ; 0.000        ; 0.258      ; 2.006      ;
; 1.593 ; 8dffe:PC|34  ; lpm_rom:inst1|altrom:srom|altsyncram:rom_block|altsyncram_7001:auto_generated|ram_block1a0~porta_address_reg0 ; clk          ; clk         ; 0.000        ; 0.258      ; 2.073      ;
; 1.786 ; 8dffe:PC|29  ; bcd2ssd:inst3|SSD_reg[1]                                                                                      ; clk          ; clk         ; 0.000        ; -0.016     ; 1.956      ;
; 1.786 ; 8dffe:PC|29  ; bcd2ssd:inst3|SSD_reg[5]                                                                                      ; clk          ; clk         ; 0.000        ; -0.016     ; 1.956      ;
; 1.790 ; 8dffe:PC|29  ; bcd2ssd:inst3|SSD_reg[4]                                                                                      ; clk          ; clk         ; 0.000        ; -0.016     ; 1.960      ;
; 1.791 ; 8dffe:PC|29  ; bcd2ssd:inst3|SSD_reg[0]                                                                                      ; clk          ; clk         ; 0.000        ; -0.016     ; 1.961      ;
; 1.791 ; 8dffe:PC|29  ; bcd2ssd:inst3|SSD_reg[3]                                                                                      ; clk          ; clk         ; 0.000        ; -0.016     ; 1.961      ;
; 1.794 ; 8dffe:PC|29  ; bcd2ssd:inst3|SSD_reg[6]                                                                                      ; clk          ; clk         ; 0.000        ; -0.016     ; 1.964      ;
; 1.802 ; 8dffe:PC|29  ; bcd2ssd:inst3|SSD_reg[2]                                                                                      ; clk          ; clk         ; 0.000        ; -0.016     ; 1.972      ;
; 1.846 ; 8dffe:PC|32  ; lpm_rom:inst1|altrom:srom|altsyncram:rom_block|altsyncram_7001:auto_generated|ram_block1a0~porta_address_reg0 ; clk          ; clk         ; 0.000        ; 0.258      ; 2.326      ;
; 1.861 ; 8dffe:PC|33  ; lpm_rom:inst1|altrom:srom|altsyncram:rom_block|altsyncram_7001:auto_generated|ram_block1a0~porta_address_reg0 ; clk          ; clk         ; 0.000        ; 0.258      ; 2.341      ;
; 1.884 ; 8dffe:PC|30  ; lpm_rom:inst1|altrom:srom|altsyncram:rom_block|altsyncram_7001:auto_generated|ram_block1a0~porta_address_reg0 ; clk          ; clk         ; 0.000        ; 0.258      ; 2.364      ;
; 1.903 ; 8dffe:PC|29  ; 8dffe:PC|30                                                                                                   ; clk          ; clk         ; 0.000        ; -0.016     ; 2.073      ;
+-------+--------------+---------------------------------------------------------------------------------------------------------------+--------------+-------------+--------------+------------+------------+


-----------------------------------------------
; Slow 1200mV 85C Model Metastability Summary ;
-----------------------------------------------
No synchronizer chains to report.


+--------------------------------------------------+
; Slow 1200mV 0C Model Fmax Summary                ;
+------------+-----------------+------------+------+
; Fmax       ; Restricted Fmax ; Clock Name ; Note ;
+------------+-----------------+------------+------+
; 159.11 MHz ; 159.11 MHz      ; clk        ;      ;
+------------+-----------------+------------+------+
This panel reports FMAX for every clock in the design, regardless of the user-specified clock periods.  FMAX is only computed for paths where the source and destination registers or ports are driven by the same clock.  Paths of different clocks, including generated clocks, are ignored.  For paths between a clock and its inversion, FMAX is computed as if the rising and falling edges are scaled along with FMAX, such that the duty cycle (in terms of a percentage) is maintained. Altera recommends that you always use clock constraints and other slack reports for sign-off analysis.


+------------------------------------+
; Slow 1200mV 0C Model Setup Summary ;
+-------+--------+-------------------+
; Clock ; Slack  ; End Point TNS     ;
+-------+--------+-------------------+
; clk   ; 13.715 ; 0.000             ;
+-------+--------+-------------------+


+-----------------------------------+
; Slow 1200mV 0C Model Hold Summary ;
+-------+-------+-------------------+
; Clock ; Slack ; End Point TNS     ;
+-------+-------+-------------------+
; clk   ; 0.398 ; 0.000             ;
+-------+-------+-------------------+


-----------------------------------------
; Slow 1200mV 0C Model Recovery Summary ;
-----------------------------------------
No paths to report.


----------------------------------------
; Slow 1200mV 0C Model Removal Summary ;
----------------------------------------
No paths to report.


+--------------------------------------------------+
; Slow 1200mV 0C Model Minimum Pulse Width Summary ;
+-------+-------+----------------------------------+
; Clock ; Slack ; End Point TNS                    ;
+-------+-------+----------------------------------+
; clk   ; 9.721 ; 0.000                            ;
+-------+-------+----------------------------------+


+--------------------------------------------------------------------------------------------------------------------------------------------------------------------------------------------------------------------------------------------------------------------------------------------------------------+
; Slow 1200mV 0C Model Setup: 'clk'                                                                                                                                                                                                                                                                            ;
+--------+---------------------------------------------------------------------------------------------------------------+---------------------------------------------------------------------------------------------------------------+--------------+-------------+--------------+------------+------------+
; Slack  ; From Node                                                                                                     ; To Node                                                                                                       ; Launch Clock ; Latch Clock ; Relationship ; Clock Skew ; Data Delay ;
+--------+---------------------------------------------------------------------------------------------------------------+---------------------------------------------------------------------------------------------------------------+--------------+-------------+--------------+------------+------------+
; 13.715 ; lpm_rom:inst1|altrom:srom|altsyncram:rom_block|altsyncram_7001:auto_generated|ram_block1a0~porta_address_reg0 ; 8dffe:ACC|35                                                                                                  ; clk          ; clk         ; 20.000       ; -0.417     ; 5.887      ;
; 13.744 ; lpm_rom:inst1|altrom:srom|altsyncram:rom_block|altsyncram_7001:auto_generated|ram_block1a0~porta_address_reg0 ; 8dffe:ACC|36                                                                                                  ; clk          ; clk         ; 20.000       ; -0.417     ; 5.858      ;
; 13.831 ; lpm_rom:inst1|altrom:srom|altsyncram:rom_block|altsyncram_7001:auto_generated|ram_block1a0~porta_address_reg0 ; 8dffe:ACC|33                                                                                                  ; clk          ; clk         ; 20.000       ; -0.417     ; 5.771      ;
; 13.860 ; lpm_rom:inst1|altrom:srom|altsyncram:rom_block|altsyncram_7001:auto_generated|ram_block1a0~porta_address_reg0 ; 8dffe:ACC|34                                                                                                  ; clk          ; clk         ; 20.000       ; -0.417     ; 5.742      ;
; 13.947 ; lpm_rom:inst1|altrom:srom|altsyncram:rom_block|altsyncram_7001:auto_generated|ram_block1a0~porta_address_reg0 ; 8dffe:ACC|31                                                                                                  ; clk          ; clk         ; 20.000       ; -0.417     ; 5.655      ;
; 13.976 ; lpm_rom:inst1|altrom:srom|altsyncram:rom_block|altsyncram_7001:auto_generated|ram_block1a0~porta_address_reg0 ; 8dffe:ACC|32                                                                                                  ; clk          ; clk         ; 20.000       ; -0.417     ; 5.626      ;
; 14.141 ; lpm_rom:inst1|altrom:srom|altsyncram:rom_block|altsyncram_7001:auto_generated|ram_block1a0~porta_address_reg0 ; 8dffe:ACC|30                                                                                                  ; clk          ; clk         ; 20.000       ; -0.417     ; 5.461      ;
; 14.469 ; lpm_rom:inst1|altrom:srom|altsyncram:rom_block|altsyncram_7001:auto_generated|ram_block1a0~porta_address_reg0 ; 8dffe:ACC|29                                                                                                  ; clk          ; clk         ; 20.000       ; -0.417     ; 5.133      ;
; 17.031 ; 8dffe:PC|29                                                                                                   ; 8dffe:PC|35                                                                                                   ; clk          ; clk         ; 20.000       ; -0.170     ; 2.818      ;
; 17.060 ; 8dffe:PC|29                                                                                                   ; 8dffe:PC|36                                                                                                   ; clk          ; clk         ; 20.000       ; -0.170     ; 2.789      ;
; 17.147 ; 8dffe:PC|29                                                                                                   ; 8dffe:PC|33                                                                                                   ; clk          ; clk         ; 20.000       ; -0.170     ; 2.702      ;
; 17.176 ; 8dffe:PC|29                                                                                                   ; 8dffe:PC|34                                                                                                   ; clk          ; clk         ; 20.000       ; -0.170     ; 2.673      ;
; 17.263 ; 8dffe:PC|29                                                                                                   ; 8dffe:PC|31                                                                                                   ; clk          ; clk         ; 20.000       ; -0.170     ; 2.586      ;
; 17.292 ; 8dffe:PC|29                                                                                                   ; 8dffe:PC|32                                                                                                   ; clk          ; clk         ; 20.000       ; -0.170     ; 2.557      ;
; 17.641 ; 8dffe:PC|35                                                                                                   ; lpm_rom:inst1|altrom:srom|altsyncram:rom_block|altsyncram_7001:auto_generated|ram_block1a0~porta_address_reg0 ; clk          ; clk         ; 20.000       ; 0.016      ; 2.425      ;
; 17.706 ; 8dffe:PC|36                                                                                                   ; lpm_rom:inst1|altrom:srom|altsyncram:rom_block|altsyncram_7001:auto_generated|ram_block1a0~porta_address_reg0 ; clk          ; clk         ; 20.000       ; 0.016      ; 2.360      ;
; 17.750 ; 8dffe:PC|33                                                                                                   ; lpm_rom:inst1|altrom:srom|altsyncram:rom_block|altsyncram_7001:auto_generated|ram_block1a0~porta_address_reg0 ; clk          ; clk         ; 20.000       ; 0.016      ; 2.316      ;
; 17.754 ; 8dffe:PC|30                                                                                                   ; lpm_rom:inst1|altrom:srom|altsyncram:rom_block|altsyncram_7001:auto_generated|ram_block1a0~porta_address_reg0 ; clk          ; clk         ; 20.000       ; 0.016      ; 2.312      ;
; 17.759 ; 8dffe:PC|32                                                                                                   ; lpm_rom:inst1|altrom:srom|altsyncram:rom_block|altsyncram_7001:auto_generated|ram_block1a0~porta_address_reg0 ; clk          ; clk         ; 20.000       ; 0.016      ; 2.307      ;
; 17.785 ; 8dffe:PC|29                                                                                                   ; 8dffe:PC|30                                                                                                   ; clk          ; clk         ; 20.000       ; -0.170     ; 2.064      ;
; 17.930 ; 8dffe:PC|29                                                                                                   ; bcd2ssd:inst3|SSD_reg[2]                                                                                      ; clk          ; clk         ; 20.000       ; -0.170     ; 1.919      ;
; 17.930 ; 8dffe:PC|29                                                                                                   ; bcd2ssd:inst3|SSD_reg[3]                                                                                      ; clk          ; clk         ; 20.000       ; -0.170     ; 1.919      ;
; 17.931 ; 8dffe:PC|29                                                                                                   ; bcd2ssd:inst3|SSD_reg[0]                                                                                      ; clk          ; clk         ; 20.000       ; -0.170     ; 1.918      ;
; 17.931 ; 8dffe:PC|29                                                                                                   ; bcd2ssd:inst3|SSD_reg[6]                                                                                      ; clk          ; clk         ; 20.000       ; -0.170     ; 1.918      ;
; 17.936 ; 8dffe:PC|29                                                                                                   ; bcd2ssd:inst3|SSD_reg[1]                                                                                      ; clk          ; clk         ; 20.000       ; -0.170     ; 1.913      ;
; 17.942 ; 8dffe:PC|29                                                                                                   ; bcd2ssd:inst3|SSD_reg[4]                                                                                      ; clk          ; clk         ; 20.000       ; -0.170     ; 1.907      ;
; 17.946 ; 8dffe:PC|29                                                                                                   ; bcd2ssd:inst3|SSD_reg[5]                                                                                      ; clk          ; clk         ; 20.000       ; -0.170     ; 1.903      ;
; 18.027 ; 8dffe:PC|34                                                                                                   ; lpm_rom:inst1|altrom:srom|altsyncram:rom_block|altsyncram_7001:auto_generated|ram_block1a0~porta_address_reg0 ; clk          ; clk         ; 20.000       ; 0.016      ; 2.039      ;
; 18.053 ; 8dffe:ACC|29                                                                                                  ; 8dffe:ACC|36                                                                                                  ; clk          ; clk         ; 20.000       ; -0.042     ; 1.924      ;
; 18.064 ; 8dffe:PC|30                                                                                                   ; 8dffe:PC|36                                                                                                   ; clk          ; clk         ; 20.000       ; -0.043     ; 1.912      ;
; 18.067 ; 8dffe:PC|30                                                                                                   ; 8dffe:PC|35                                                                                                   ; clk          ; clk         ; 20.000       ; -0.043     ; 1.909      ;
; 18.083 ; 8dffe:PC|31                                                                                                   ; 8dffe:PC|36                                                                                                   ; clk          ; clk         ; 20.000       ; -0.043     ; 1.893      ;
; 18.107 ; 8dffe:PC|31                                                                                                   ; lpm_rom:inst1|altrom:srom|altsyncram:rom_block|altsyncram_7001:auto_generated|ram_block1a0~porta_address_reg0 ; clk          ; clk         ; 20.000       ; 0.016      ; 1.959      ;
; 18.169 ; 8dffe:ACC|29                                                                                                  ; 8dffe:ACC|34                                                                                                  ; clk          ; clk         ; 20.000       ; -0.042     ; 1.808      ;
; 18.169 ; 8dffe:ACC|31                                                                                                  ; 8dffe:ACC|36                                                                                                  ; clk          ; clk         ; 20.000       ; -0.042     ; 1.808      ;
; 18.180 ; 8dffe:PC|30                                                                                                   ; 8dffe:PC|34                                                                                                   ; clk          ; clk         ; 20.000       ; -0.043     ; 1.796      ;
; 18.183 ; 8dffe:PC|30                                                                                                   ; 8dffe:PC|33                                                                                                   ; clk          ; clk         ; 20.000       ; -0.043     ; 1.793      ;
; 18.198 ; 8dffe:ACC|29                                                                                                  ; 8dffe:ACC|35                                                                                                  ; clk          ; clk         ; 20.000       ; -0.042     ; 1.779      ;
; 18.199 ; 8dffe:PC|31                                                                                                   ; 8dffe:PC|34                                                                                                   ; clk          ; clk         ; 20.000       ; -0.043     ; 1.777      ;
; 18.228 ; 8dffe:PC|31                                                                                                   ; 8dffe:PC|35                                                                                                   ; clk          ; clk         ; 20.000       ; -0.043     ; 1.748      ;
; 18.244 ; 8dffe:PC|29                                                                                                   ; lpm_rom:inst1|altrom:srom|altsyncram:rom_block|altsyncram_7001:auto_generated|ram_block1a0~porta_address_reg0 ; clk          ; clk         ; 20.000       ; -0.077     ; 1.729      ;
; 18.248 ; 8dffe:ACC|30                                                                                                  ; 8dffe:ACC|36                                                                                                  ; clk          ; clk         ; 20.000       ; -0.042     ; 1.729      ;
; 18.266 ; 8dffe:ACC|30                                                                                                  ; 8dffe:ACC|35                                                                                                  ; clk          ; clk         ; 20.000       ; -0.042     ; 1.711      ;
; 18.285 ; 8dffe:ACC|29                                                                                                  ; 8dffe:ACC|32                                                                                                  ; clk          ; clk         ; 20.000       ; -0.042     ; 1.692      ;
; 18.285 ; 8dffe:ACC|31                                                                                                  ; 8dffe:ACC|34                                                                                                  ; clk          ; clk         ; 20.000       ; -0.042     ; 1.692      ;
; 18.287 ; 8dffe:PC|32                                                                                                   ; 8dffe:PC|36                                                                                                   ; clk          ; clk         ; 20.000       ; -0.043     ; 1.689      ;
; 18.288 ; 8dffe:PC|33                                                                                                   ; 8dffe:PC|36                                                                                                   ; clk          ; clk         ; 20.000       ; -0.043     ; 1.688      ;
; 18.289 ; 8dffe:ACC|33                                                                                                  ; 8dffe:ACC|36                                                                                                  ; clk          ; clk         ; 20.000       ; -0.042     ; 1.688      ;
; 18.296 ; 8dffe:PC|30                                                                                                   ; 8dffe:PC|32                                                                                                   ; clk          ; clk         ; 20.000       ; -0.043     ; 1.680      ;
; 18.299 ; 8dffe:PC|30                                                                                                   ; 8dffe:PC|31                                                                                                   ; clk          ; clk         ; 20.000       ; -0.043     ; 1.677      ;
; 18.314 ; 8dffe:ACC|29                                                                                                  ; 8dffe:ACC|33                                                                                                  ; clk          ; clk         ; 20.000       ; -0.042     ; 1.663      ;
; 18.314 ; 8dffe:ACC|31                                                                                                  ; 8dffe:ACC|35                                                                                                  ; clk          ; clk         ; 20.000       ; -0.042     ; 1.663      ;
; 18.315 ; 8dffe:PC|31                                                                                                   ; 8dffe:PC|32                                                                                                   ; clk          ; clk         ; 20.000       ; -0.043     ; 1.661      ;
; 18.332 ; 8dffe:PC|32                                                                                                   ; 8dffe:PC|35                                                                                                   ; clk          ; clk         ; 20.000       ; -0.043     ; 1.644      ;
; 18.344 ; 8dffe:PC|31                                                                                                   ; 8dffe:PC|33                                                                                                   ; clk          ; clk         ; 20.000       ; -0.043     ; 1.632      ;
; 18.364 ; 8dffe:ACC|30                                                                                                  ; 8dffe:ACC|34                                                                                                  ; clk          ; clk         ; 20.000       ; -0.042     ; 1.613      ;
; 18.364 ; 8dffe:ACC|32                                                                                                  ; 8dffe:ACC|36                                                                                                  ; clk          ; clk         ; 20.000       ; -0.042     ; 1.613      ;
; 18.382 ; 8dffe:ACC|30                                                                                                  ; 8dffe:ACC|33                                                                                                  ; clk          ; clk         ; 20.000       ; -0.042     ; 1.595      ;
; 18.382 ; 8dffe:ACC|32                                                                                                  ; 8dffe:ACC|35                                                                                                  ; clk          ; clk         ; 20.000       ; -0.042     ; 1.595      ;
; 18.400 ; 8dffe:PC|35                                                                                                   ; 8dffe:PC|36                                                                                                   ; clk          ; clk         ; 20.000       ; -0.043     ; 1.576      ;
; 18.401 ; 8dffe:ACC|29                                                                                                  ; 8dffe:ACC|30                                                                                                  ; clk          ; clk         ; 20.000       ; -0.042     ; 1.576      ;
; 18.401 ; 8dffe:ACC|31                                                                                                  ; 8dffe:ACC|32                                                                                                  ; clk          ; clk         ; 20.000       ; -0.042     ; 1.576      ;
; 18.403 ; 8dffe:PC|32                                                                                                   ; 8dffe:PC|34                                                                                                   ; clk          ; clk         ; 20.000       ; -0.043     ; 1.573      ;
; 18.404 ; 8dffe:PC|33                                                                                                   ; 8dffe:PC|34                                                                                                   ; clk          ; clk         ; 20.000       ; -0.043     ; 1.572      ;
; 18.405 ; 8dffe:ACC|33                                                                                                  ; 8dffe:ACC|34                                                                                                  ; clk          ; clk         ; 20.000       ; -0.042     ; 1.572      ;
; 18.406 ; 8dffe:ACC|35                                                                                                  ; 8dffe:ACC|36                                                                                                  ; clk          ; clk         ; 20.000       ; -0.042     ; 1.571      ;
; 18.430 ; 8dffe:ACC|29                                                                                                  ; 8dffe:ACC|31                                                                                                  ; clk          ; clk         ; 20.000       ; -0.042     ; 1.547      ;
; 18.430 ; 8dffe:ACC|31                                                                                                  ; 8dffe:ACC|33                                                                                                  ; clk          ; clk         ; 20.000       ; -0.042     ; 1.547      ;
; 18.433 ; 8dffe:PC|33                                                                                                   ; 8dffe:PC|35                                                                                                   ; clk          ; clk         ; 20.000       ; -0.043     ; 1.543      ;
; 18.434 ; 8dffe:ACC|33                                                                                                  ; 8dffe:ACC|35                                                                                                  ; clk          ; clk         ; 20.000       ; -0.042     ; 1.543      ;
; 18.448 ; 8dffe:PC|32                                                                                                   ; 8dffe:PC|33                                                                                                   ; clk          ; clk         ; 20.000       ; -0.043     ; 1.528      ;
; 18.474 ; 8dffe:PC|34                                                                                                   ; 8dffe:PC|36                                                                                                   ; clk          ; clk         ; 20.000       ; -0.043     ; 1.502      ;
; 18.480 ; 8dffe:ACC|30                                                                                                  ; 8dffe:ACC|32                                                                                                  ; clk          ; clk         ; 20.000       ; -0.042     ; 1.497      ;
; 18.480 ; 8dffe:ACC|32                                                                                                  ; 8dffe:ACC|34                                                                                                  ; clk          ; clk         ; 20.000       ; -0.042     ; 1.497      ;
; 18.481 ; 8dffe:ACC|34                                                                                                  ; 8dffe:ACC|36                                                                                                  ; clk          ; clk         ; 20.000       ; -0.042     ; 1.496      ;
; 18.498 ; 8dffe:ACC|30                                                                                                  ; 8dffe:ACC|31                                                                                                  ; clk          ; clk         ; 20.000       ; -0.042     ; 1.479      ;
; 18.498 ; 8dffe:ACC|32                                                                                                  ; 8dffe:ACC|33                                                                                                  ; clk          ; clk         ; 20.000       ; -0.042     ; 1.479      ;
; 18.498 ; 8dffe:ACC|34                                                                                                  ; 8dffe:ACC|35                                                                                                  ; clk          ; clk         ; 20.000       ; -0.042     ; 1.479      ;
; 18.501 ; 8dffe:PC|34                                                                                                   ; 8dffe:PC|35                                                                                                   ; clk          ; clk         ; 20.000       ; -0.043     ; 1.475      ;
; 18.761 ; 8dffe:PC|30                                                                                                   ; 8dffe:PC|30                                                                                                   ; clk          ; clk         ; 20.000       ; -0.039     ; 1.219      ;
; 18.839 ; 8dffe:PC|31                                                                                                   ; bcd2ssd:inst3|SSD_reg[2]                                                                                      ; clk          ; clk         ; 20.000       ; -0.043     ; 1.137      ;
; 18.841 ; 8dffe:PC|31                                                                                                   ; bcd2ssd:inst3|SSD_reg[6]                                                                                      ; clk          ; clk         ; 20.000       ; -0.043     ; 1.135      ;
; 18.851 ; 8dffe:PC|31                                                                                                   ; bcd2ssd:inst3|SSD_reg[1]                                                                                      ; clk          ; clk         ; 20.000       ; -0.043     ; 1.125      ;
; 18.852 ; 8dffe:PC|32                                                                                                   ; bcd2ssd:inst3|SSD_reg[2]                                                                                      ; clk          ; clk         ; 20.000       ; -0.043     ; 1.124      ;
; 18.853 ; 8dffe:PC|32                                                                                                   ; bcd2ssd:inst3|SSD_reg[6]                                                                                      ; clk          ; clk         ; 20.000       ; -0.043     ; 1.123      ;
; 18.854 ; 8dffe:PC|31                                                                                                   ; bcd2ssd:inst3|SSD_reg[0]                                                                                      ; clk          ; clk         ; 20.000       ; -0.043     ; 1.122      ;
; 18.855 ; 8dffe:PC|31                                                                                                   ; bcd2ssd:inst3|SSD_reg[3]                                                                                      ; clk          ; clk         ; 20.000       ; -0.043     ; 1.121      ;
; 18.855 ; 8dffe:PC|32                                                                                                   ; bcd2ssd:inst3|SSD_reg[3]                                                                                      ; clk          ; clk         ; 20.000       ; -0.043     ; 1.121      ;
; 18.856 ; 8dffe:PC|32                                                                                                   ; bcd2ssd:inst3|SSD_reg[0]                                                                                      ; clk          ; clk         ; 20.000       ; -0.043     ; 1.120      ;
; 18.858 ; 8dffe:PC|32                                                                                                   ; bcd2ssd:inst3|SSD_reg[4]                                                                                      ; clk          ; clk         ; 20.000       ; -0.043     ; 1.118      ;
; 18.859 ; 8dffe:PC|31                                                                                                   ; bcd2ssd:inst3|SSD_reg[4]                                                                                      ; clk          ; clk         ; 20.000       ; -0.043     ; 1.117      ;
; 18.860 ; 8dffe:PC|32                                                                                                   ; bcd2ssd:inst3|SSD_reg[1]                                                                                      ; clk          ; clk         ; 20.000       ; -0.043     ; 1.116      ;
; 18.863 ; 8dffe:PC|31                                                                                                   ; bcd2ssd:inst3|SSD_reg[5]                                                                                      ; clk          ; clk         ; 20.000       ; -0.043     ; 1.113      ;
; 18.868 ; 8dffe:PC|31                                                                                                   ; 8dffe:PC|31                                                                                                   ; clk          ; clk         ; 20.000       ; -0.039     ; 1.112      ;
; 18.868 ; 8dffe:PC|32                                                                                                   ; 8dffe:PC|32                                                                                                   ; clk          ; clk         ; 20.000       ; -0.039     ; 1.112      ;
; 18.874 ; 8dffe:PC|32                                                                                                   ; bcd2ssd:inst3|SSD_reg[5]                                                                                      ; clk          ; clk         ; 20.000       ; -0.043     ; 1.102      ;
; 18.939 ; 8dffe:PC|34                                                                                                   ; 8dffe:PC|34                                                                                                   ; clk          ; clk         ; 20.000       ; -0.039     ; 1.041      ;
; 18.941 ; 8dffe:ACC|29                                                                                                  ; 8dffe:ACC|29                                                                                                  ; clk          ; clk         ; 20.000       ; -0.039     ; 1.039      ;
; 18.941 ; 8dffe:ACC|31                                                                                                  ; 8dffe:ACC|31                                                                                                  ; clk          ; clk         ; 20.000       ; -0.039     ; 1.039      ;
; 18.944 ; 8dffe:ACC|33                                                                                                  ; 8dffe:ACC|33                                                                                                  ; clk          ; clk         ; 20.000       ; -0.039     ; 1.036      ;
+--------+---------------------------------------------------------------------------------------------------------------+---------------------------------------------------------------------------------------------------------------+--------------+-------------+--------------+------------+------------+


+------------------------------------------------------------------------------------------------------------------------------------------------------------------------------------------------------------+
; Slow 1200mV 0C Model Hold: 'clk'                                                                                                                                                                           ;
+-------+--------------+---------------------------------------------------------------------------------------------------------------+--------------+-------------+--------------+------------+------------+
; Slack ; From Node    ; To Node                                                                                                       ; Launch Clock ; Latch Clock ; Relationship ; Clock Skew ; Data Delay ;
+-------+--------------+---------------------------------------------------------------------------------------------------------------+--------------+-------------+--------------+------------+------------+
; 0.398 ; 8dffe:PC|29  ; 8dffe:PC|29                                                                                                   ; clk          ; clk         ; 0.000        ; 0.039      ; 0.608      ;
; 0.432 ; 8dffe:ACC|36 ; 8dffe:ACC|36                                                                                                  ; clk          ; clk         ; 0.000        ; 0.039      ; 0.642      ;
; 0.433 ; 8dffe:PC|36  ; 8dffe:PC|36                                                                                                   ; clk          ; clk         ; 0.000        ; 0.039      ; 0.643      ;
; 0.624 ; 8dffe:PC|30  ; bcd2ssd:inst3|SSD_reg[1]                                                                                      ; clk          ; clk         ; 0.000        ; 0.043      ; 0.838      ;
; 0.624 ; 8dffe:PC|30  ; bcd2ssd:inst3|SSD_reg[5]                                                                                      ; clk          ; clk         ; 0.000        ; 0.043      ; 0.838      ;
; 0.633 ; 8dffe:PC|30  ; bcd2ssd:inst3|SSD_reg[6]                                                                                      ; clk          ; clk         ; 0.000        ; 0.043      ; 0.847      ;
; 0.633 ; 8dffe:PC|33  ; 8dffe:PC|33                                                                                                   ; clk          ; clk         ; 0.000        ; 0.039      ; 0.843      ;
; 0.634 ; 8dffe:PC|30  ; bcd2ssd:inst3|SSD_reg[0]                                                                                      ; clk          ; clk         ; 0.000        ; 0.043      ; 0.848      ;
; 0.634 ; 8dffe:PC|30  ; bcd2ssd:inst3|SSD_reg[3]                                                                                      ; clk          ; clk         ; 0.000        ; 0.043      ; 0.848      ;
; 0.634 ; 8dffe:PC|34  ; 8dffe:PC|34                                                                                                   ; clk          ; clk         ; 0.000        ; 0.039      ; 0.844      ;
; 0.634 ; 8dffe:ACC|35 ; 8dffe:ACC|35                                                                                                  ; clk          ; clk         ; 0.000        ; 0.039      ; 0.844      ;
; 0.634 ; 8dffe:ACC|33 ; 8dffe:ACC|33                                                                                                  ; clk          ; clk         ; 0.000        ; 0.039      ; 0.844      ;
; 0.635 ; 8dffe:PC|30  ; bcd2ssd:inst3|SSD_reg[2]                                                                                      ; clk          ; clk         ; 0.000        ; 0.043      ; 0.849      ;
; 0.636 ; 8dffe:ACC|30 ; 8dffe:ACC|30                                                                                                  ; clk          ; clk         ; 0.000        ; 0.039      ; 0.846      ;
; 0.636 ; 8dffe:ACC|32 ; 8dffe:ACC|32                                                                                                  ; clk          ; clk         ; 0.000        ; 0.039      ; 0.846      ;
; 0.636 ; 8dffe:ACC|34 ; 8dffe:ACC|34                                                                                                  ; clk          ; clk         ; 0.000        ; 0.039      ; 0.846      ;
; 0.637 ; 8dffe:PC|35  ; 8dffe:PC|35                                                                                                   ; clk          ; clk         ; 0.000        ; 0.039      ; 0.847      ;
; 0.638 ; 8dffe:ACC|29 ; 8dffe:ACC|29                                                                                                  ; clk          ; clk         ; 0.000        ; 0.039      ; 0.848      ;
; 0.638 ; 8dffe:ACC|31 ; 8dffe:ACC|31                                                                                                  ; clk          ; clk         ; 0.000        ; 0.039      ; 0.848      ;
; 0.647 ; 8dffe:PC|30  ; bcd2ssd:inst3|SSD_reg[4]                                                                                      ; clk          ; clk         ; 0.000        ; 0.043      ; 0.861      ;
; 0.682 ; 8dffe:PC|32  ; bcd2ssd:inst3|SSD_reg[5]                                                                                      ; clk          ; clk         ; 0.000        ; 0.043      ; 0.896      ;
; 0.686 ; 8dffe:PC|31  ; 8dffe:PC|31                                                                                                   ; clk          ; clk         ; 0.000        ; 0.039      ; 0.896      ;
; 0.686 ; 8dffe:PC|32  ; bcd2ssd:inst3|SSD_reg[0]                                                                                      ; clk          ; clk         ; 0.000        ; 0.043      ; 0.900      ;
; 0.686 ; 8dffe:PC|32  ; bcd2ssd:inst3|SSD_reg[4]                                                                                      ; clk          ; clk         ; 0.000        ; 0.043      ; 0.900      ;
; 0.686 ; 8dffe:PC|32  ; 8dffe:PC|32                                                                                                   ; clk          ; clk         ; 0.000        ; 0.039      ; 0.896      ;
; 0.687 ; 8dffe:PC|32  ; bcd2ssd:inst3|SSD_reg[6]                                                                                      ; clk          ; clk         ; 0.000        ; 0.043      ; 0.901      ;
; 0.691 ; 8dffe:PC|31  ; bcd2ssd:inst3|SSD_reg[3]                                                                                      ; clk          ; clk         ; 0.000        ; 0.043      ; 0.905      ;
; 0.692 ; 8dffe:PC|31  ; bcd2ssd:inst3|SSD_reg[0]                                                                                      ; clk          ; clk         ; 0.000        ; 0.043      ; 0.906      ;
; 0.703 ; 8dffe:PC|32  ; bcd2ssd:inst3|SSD_reg[1]                                                                                      ; clk          ; clk         ; 0.000        ; 0.043      ; 0.917      ;
; 0.704 ; 8dffe:PC|31  ; bcd2ssd:inst3|SSD_reg[5]                                                                                      ; clk          ; clk         ; 0.000        ; 0.043      ; 0.918      ;
; 0.704 ; 8dffe:PC|32  ; bcd2ssd:inst3|SSD_reg[2]                                                                                      ; clk          ; clk         ; 0.000        ; 0.043      ; 0.918      ;
; 0.708 ; 8dffe:PC|31  ; bcd2ssd:inst3|SSD_reg[1]                                                                                      ; clk          ; clk         ; 0.000        ; 0.043      ; 0.922      ;
; 0.709 ; 8dffe:PC|32  ; bcd2ssd:inst3|SSD_reg[3]                                                                                      ; clk          ; clk         ; 0.000        ; 0.043      ; 0.923      ;
; 0.710 ; 8dffe:PC|31  ; bcd2ssd:inst3|SSD_reg[6]                                                                                      ; clk          ; clk         ; 0.000        ; 0.043      ; 0.924      ;
; 0.713 ; 8dffe:PC|31  ; bcd2ssd:inst3|SSD_reg[2]                                                                                      ; clk          ; clk         ; 0.000        ; 0.043      ; 0.927      ;
; 0.728 ; 8dffe:PC|31  ; bcd2ssd:inst3|SSD_reg[4]                                                                                      ; clk          ; clk         ; 0.000        ; 0.043      ; 0.942      ;
; 0.849 ; 8dffe:PC|30  ; 8dffe:PC|30                                                                                                   ; clk          ; clk         ; 0.000        ; 0.039      ; 1.059      ;
; 0.915 ; 8dffe:PC|33  ; 8dffe:PC|34                                                                                                   ; clk          ; clk         ; 0.000        ; 0.043      ; 1.129      ;
; 0.916 ; 8dffe:ACC|35 ; 8dffe:ACC|36                                                                                                  ; clk          ; clk         ; 0.000        ; 0.042      ; 1.129      ;
; 0.916 ; 8dffe:ACC|33 ; 8dffe:ACC|34                                                                                                  ; clk          ; clk         ; 0.000        ; 0.042      ; 1.129      ;
; 0.918 ; 8dffe:PC|34  ; 8dffe:PC|35                                                                                                   ; clk          ; clk         ; 0.000        ; 0.043      ; 1.132      ;
; 0.920 ; 8dffe:PC|35  ; 8dffe:PC|36                                                                                                   ; clk          ; clk         ; 0.000        ; 0.043      ; 1.134      ;
; 0.920 ; 8dffe:ACC|29 ; 8dffe:ACC|30                                                                                                  ; clk          ; clk         ; 0.000        ; 0.042      ; 1.133      ;
; 0.920 ; 8dffe:ACC|31 ; 8dffe:ACC|32                                                                                                  ; clk          ; clk         ; 0.000        ; 0.042      ; 1.133      ;
; 0.923 ; 8dffe:ACC|30 ; 8dffe:ACC|31                                                                                                  ; clk          ; clk         ; 0.000        ; 0.042      ; 1.136      ;
; 0.923 ; 8dffe:ACC|32 ; 8dffe:ACC|33                                                                                                  ; clk          ; clk         ; 0.000        ; 0.042      ; 1.136      ;
; 0.923 ; 8dffe:ACC|34 ; 8dffe:ACC|35                                                                                                  ; clk          ; clk         ; 0.000        ; 0.042      ; 1.136      ;
; 0.929 ; 8dffe:PC|34  ; 8dffe:PC|36                                                                                                   ; clk          ; clk         ; 0.000        ; 0.043      ; 1.143      ;
; 0.934 ; 8dffe:ACC|30 ; 8dffe:ACC|32                                                                                                  ; clk          ; clk         ; 0.000        ; 0.042      ; 1.147      ;
; 0.934 ; 8dffe:ACC|32 ; 8dffe:ACC|34                                                                                                  ; clk          ; clk         ; 0.000        ; 0.042      ; 1.147      ;
; 0.934 ; 8dffe:ACC|34 ; 8dffe:ACC|36                                                                                                  ; clk          ; clk         ; 0.000        ; 0.042      ; 1.147      ;
; 0.968 ; 8dffe:PC|31  ; 8dffe:PC|32                                                                                                   ; clk          ; clk         ; 0.000        ; 0.043      ; 1.182      ;
; 0.970 ; 8dffe:PC|32  ; 8dffe:PC|33                                                                                                   ; clk          ; clk         ; 0.000        ; 0.043      ; 1.184      ;
; 0.981 ; 8dffe:PC|32  ; 8dffe:PC|34                                                                                                   ; clk          ; clk         ; 0.000        ; 0.043      ; 1.195      ;
; 1.014 ; 8dffe:PC|33  ; 8dffe:PC|35                                                                                                   ; clk          ; clk         ; 0.000        ; 0.043      ; 1.228      ;
; 1.015 ; 8dffe:ACC|33 ; 8dffe:ACC|35                                                                                                  ; clk          ; clk         ; 0.000        ; 0.042      ; 1.228      ;
; 1.019 ; 8dffe:ACC|29 ; 8dffe:ACC|31                                                                                                  ; clk          ; clk         ; 0.000        ; 0.042      ; 1.232      ;
; 1.019 ; 8dffe:ACC|31 ; 8dffe:ACC|33                                                                                                  ; clk          ; clk         ; 0.000        ; 0.042      ; 1.232      ;
; 1.025 ; 8dffe:PC|33  ; 8dffe:PC|36                                                                                                   ; clk          ; clk         ; 0.000        ; 0.043      ; 1.239      ;
; 1.026 ; 8dffe:ACC|33 ; 8dffe:ACC|36                                                                                                  ; clk          ; clk         ; 0.000        ; 0.042      ; 1.239      ;
; 1.030 ; 8dffe:ACC|29 ; 8dffe:ACC|32                                                                                                  ; clk          ; clk         ; 0.000        ; 0.042      ; 1.243      ;
; 1.030 ; 8dffe:ACC|31 ; 8dffe:ACC|34                                                                                                  ; clk          ; clk         ; 0.000        ; 0.042      ; 1.243      ;
; 1.033 ; 8dffe:ACC|30 ; 8dffe:ACC|33                                                                                                  ; clk          ; clk         ; 0.000        ; 0.042      ; 1.246      ;
; 1.033 ; 8dffe:ACC|32 ; 8dffe:ACC|35                                                                                                  ; clk          ; clk         ; 0.000        ; 0.042      ; 1.246      ;
; 1.044 ; 8dffe:ACC|30 ; 8dffe:ACC|34                                                                                                  ; clk          ; clk         ; 0.000        ; 0.042      ; 1.257      ;
; 1.044 ; 8dffe:ACC|32 ; 8dffe:ACC|36                                                                                                  ; clk          ; clk         ; 0.000        ; 0.042      ; 1.257      ;
; 1.067 ; 8dffe:PC|31  ; 8dffe:PC|33                                                                                                   ; clk          ; clk         ; 0.000        ; 0.043      ; 1.281      ;
; 1.078 ; 8dffe:PC|31  ; 8dffe:PC|34                                                                                                   ; clk          ; clk         ; 0.000        ; 0.043      ; 1.292      ;
; 1.080 ; 8dffe:PC|32  ; 8dffe:PC|35                                                                                                   ; clk          ; clk         ; 0.000        ; 0.043      ; 1.294      ;
; 1.091 ; 8dffe:PC|32  ; 8dffe:PC|36                                                                                                   ; clk          ; clk         ; 0.000        ; 0.043      ; 1.305      ;
; 1.113 ; 8dffe:PC|30  ; 8dffe:PC|31                                                                                                   ; clk          ; clk         ; 0.000        ; 0.043      ; 1.327      ;
; 1.124 ; 8dffe:PC|30  ; 8dffe:PC|32                                                                                                   ; clk          ; clk         ; 0.000        ; 0.043      ; 1.338      ;
; 1.129 ; 8dffe:ACC|29 ; 8dffe:ACC|33                                                                                                  ; clk          ; clk         ; 0.000        ; 0.042      ; 1.342      ;
; 1.129 ; 8dffe:ACC|31 ; 8dffe:ACC|35                                                                                                  ; clk          ; clk         ; 0.000        ; 0.042      ; 1.342      ;
; 1.140 ; 8dffe:ACC|29 ; 8dffe:ACC|34                                                                                                  ; clk          ; clk         ; 0.000        ; 0.042      ; 1.353      ;
; 1.140 ; 8dffe:ACC|31 ; 8dffe:ACC|36                                                                                                  ; clk          ; clk         ; 0.000        ; 0.042      ; 1.353      ;
; 1.143 ; 8dffe:ACC|30 ; 8dffe:ACC|35                                                                                                  ; clk          ; clk         ; 0.000        ; 0.042      ; 1.356      ;
; 1.154 ; 8dffe:ACC|30 ; 8dffe:ACC|36                                                                                                  ; clk          ; clk         ; 0.000        ; 0.042      ; 1.367      ;
; 1.177 ; 8dffe:PC|31  ; 8dffe:PC|35                                                                                                   ; clk          ; clk         ; 0.000        ; 0.043      ; 1.391      ;
; 1.188 ; 8dffe:PC|31  ; 8dffe:PC|36                                                                                                   ; clk          ; clk         ; 0.000        ; 0.043      ; 1.402      ;
; 1.223 ; 8dffe:PC|30  ; 8dffe:PC|33                                                                                                   ; clk          ; clk         ; 0.000        ; 0.043      ; 1.437      ;
; 1.234 ; 8dffe:PC|30  ; 8dffe:PC|34                                                                                                   ; clk          ; clk         ; 0.000        ; 0.043      ; 1.448      ;
; 1.239 ; 8dffe:ACC|29 ; 8dffe:ACC|35                                                                                                  ; clk          ; clk         ; 0.000        ; 0.042      ; 1.452      ;
; 1.250 ; 8dffe:ACC|29 ; 8dffe:ACC|36                                                                                                  ; clk          ; clk         ; 0.000        ; 0.042      ; 1.463      ;
; 1.265 ; 8dffe:PC|29  ; lpm_rom:inst1|altrom:srom|altsyncram:rom_block|altsyncram_7001:auto_generated|ram_block1a0~porta_address_reg0 ; clk          ; clk         ; 0.000        ; 0.133      ; 1.599      ;
; 1.333 ; 8dffe:PC|30  ; 8dffe:PC|35                                                                                                   ; clk          ; clk         ; 0.000        ; 0.043      ; 1.547      ;
; 1.344 ; 8dffe:PC|30  ; 8dffe:PC|36                                                                                                   ; clk          ; clk         ; 0.000        ; 0.043      ; 1.558      ;
; 1.441 ; 8dffe:PC|34  ; lpm_rom:inst1|altrom:srom|altsyncram:rom_block|altsyncram_7001:auto_generated|ram_block1a0~porta_address_reg0 ; clk          ; clk         ; 0.000        ; 0.222      ; 1.864      ;
; 1.457 ; 8dffe:PC|31  ; lpm_rom:inst1|altrom:srom|altsyncram:rom_block|altsyncram_7001:auto_generated|ram_block1a0~porta_address_reg0 ; clk          ; clk         ; 0.000        ; 0.222      ; 1.880      ;
; 1.639 ; 8dffe:PC|29  ; bcd2ssd:inst3|SSD_reg[1]                                                                                      ; clk          ; clk         ; 0.000        ; -0.012     ; 1.798      ;
; 1.640 ; 8dffe:PC|29  ; bcd2ssd:inst3|SSD_reg[5]                                                                                      ; clk          ; clk         ; 0.000        ; -0.012     ; 1.799      ;
; 1.643 ; 8dffe:PC|29  ; bcd2ssd:inst3|SSD_reg[4]                                                                                      ; clk          ; clk         ; 0.000        ; -0.012     ; 1.802      ;
; 1.645 ; 8dffe:PC|29  ; bcd2ssd:inst3|SSD_reg[0]                                                                                      ; clk          ; clk         ; 0.000        ; -0.012     ; 1.804      ;
; 1.645 ; 8dffe:PC|29  ; bcd2ssd:inst3|SSD_reg[3]                                                                                      ; clk          ; clk         ; 0.000        ; -0.012     ; 1.804      ;
; 1.645 ; 8dffe:PC|29  ; bcd2ssd:inst3|SSD_reg[6]                                                                                      ; clk          ; clk         ; 0.000        ; -0.012     ; 1.804      ;
; 1.662 ; 8dffe:PC|29  ; bcd2ssd:inst3|SSD_reg[2]                                                                                      ; clk          ; clk         ; 0.000        ; -0.012     ; 1.821      ;
; 1.676 ; 8dffe:PC|32  ; lpm_rom:inst1|altrom:srom|altsyncram:rom_block|altsyncram_7001:auto_generated|ram_block1a0~porta_address_reg0 ; clk          ; clk         ; 0.000        ; 0.222      ; 2.099      ;
; 1.695 ; 8dffe:PC|33  ; lpm_rom:inst1|altrom:srom|altsyncram:rom_block|altsyncram_7001:auto_generated|ram_block1a0~porta_address_reg0 ; clk          ; clk         ; 0.000        ; 0.222      ; 2.118      ;
; 1.723 ; 8dffe:PC|29  ; 8dffe:PC|30                                                                                                   ; clk          ; clk         ; 0.000        ; -0.012     ; 1.882      ;
; 1.739 ; 8dffe:PC|36  ; lpm_rom:inst1|altrom:srom|altsyncram:rom_block|altsyncram_7001:auto_generated|ram_block1a0~porta_address_reg0 ; clk          ; clk         ; 0.000        ; 0.222      ; 2.162      ;
+-------+--------------+---------------------------------------------------------------------------------------------------------------+--------------+-------------+--------------+------------+------------+


----------------------------------------------
; Slow 1200mV 0C Model Metastability Summary ;
----------------------------------------------
No synchronizer chains to report.


+------------------------------------+
; Fast 1200mV 0C Model Setup Summary ;
+-------+--------+-------------------+
; Clock ; Slack  ; End Point TNS     ;
+-------+--------+-------------------+
; clk   ; 16.793 ; 0.000             ;
+-------+--------+-------------------+


+-----------------------------------+
; Fast 1200mV 0C Model Hold Summary ;
+-------+-------+-------------------+
; Clock ; Slack ; End Point TNS     ;
+-------+-------+-------------------+
; clk   ; 0.208 ; 0.000             ;
+-------+-------+-------------------+


-----------------------------------------
; Fast 1200mV 0C Model Recovery Summary ;
-----------------------------------------
No paths to report.


----------------------------------------
; Fast 1200mV 0C Model Removal Summary ;
----------------------------------------
No paths to report.


+--------------------------------------------------+
; Fast 1200mV 0C Model Minimum Pulse Width Summary ;
+-------+-------+----------------------------------+
; Clock ; Slack ; End Point TNS                    ;
+-------+-------+----------------------------------+
; clk   ; 9.316 ; 0.000                            ;
+-------+-------+----------------------------------+


+--------------------------------------------------------------------------------------------------------------------------------------------------------------------------------------------------------------------------------------------------------------------------------------------------------------+
; Fast 1200mV 0C Model Setup: 'clk'                                                                                                                                                                                                                                                                            ;
+--------+---------------------------------------------------------------------------------------------------------------+---------------------------------------------------------------------------------------------------------------+--------------+-------------+--------------+------------+------------+
; Slack  ; From Node                                                                                                     ; To Node                                                                                                       ; Launch Clock ; Latch Clock ; Relationship ; Clock Skew ; Data Delay ;
+--------+---------------------------------------------------------------------------------------------------------------+---------------------------------------------------------------------------------------------------------------+--------------+-------------+--------------+------------+------------+
; 16.793 ; lpm_rom:inst1|altrom:srom|altsyncram:rom_block|altsyncram_7001:auto_generated|ram_block1a0~porta_address_reg0 ; 8dffe:ACC|36                                                                                                  ; clk          ; clk         ; 20.000       ; -0.253     ; 2.961      ;
; 16.844 ; lpm_rom:inst1|altrom:srom|altsyncram:rom_block|altsyncram_7001:auto_generated|ram_block1a0~porta_address_reg0 ; 8dffe:ACC|35                                                                                                  ; clk          ; clk         ; 20.000       ; -0.253     ; 2.910      ;
; 16.861 ; lpm_rom:inst1|altrom:srom|altsyncram:rom_block|altsyncram_7001:auto_generated|ram_block1a0~porta_address_reg0 ; 8dffe:ACC|34                                                                                                  ; clk          ; clk         ; 20.000       ; -0.253     ; 2.893      ;
; 16.912 ; lpm_rom:inst1|altrom:srom|altsyncram:rom_block|altsyncram_7001:auto_generated|ram_block1a0~porta_address_reg0 ; 8dffe:ACC|33                                                                                                  ; clk          ; clk         ; 20.000       ; -0.253     ; 2.842      ;
; 16.929 ; lpm_rom:inst1|altrom:srom|altsyncram:rom_block|altsyncram_7001:auto_generated|ram_block1a0~porta_address_reg0 ; 8dffe:ACC|32                                                                                                  ; clk          ; clk         ; 20.000       ; -0.253     ; 2.825      ;
; 16.980 ; lpm_rom:inst1|altrom:srom|altsyncram:rom_block|altsyncram_7001:auto_generated|ram_block1a0~porta_address_reg0 ; 8dffe:ACC|31                                                                                                  ; clk          ; clk         ; 20.000       ; -0.253     ; 2.774      ;
; 16.997 ; lpm_rom:inst1|altrom:srom|altsyncram:rom_block|altsyncram_7001:auto_generated|ram_block1a0~porta_address_reg0 ; 8dffe:ACC|30                                                                                                  ; clk          ; clk         ; 20.000       ; -0.253     ; 2.757      ;
; 17.203 ; lpm_rom:inst1|altrom:srom|altsyncram:rom_block|altsyncram_7001:auto_generated|ram_block1a0~porta_address_reg0 ; 8dffe:ACC|29                                                                                                  ; clk          ; clk         ; 20.000       ; -0.253     ; 2.551      ;
; 18.329 ; 8dffe:PC|29                                                                                                   ; 8dffe:PC|36                                                                                                   ; clk          ; clk         ; 20.000       ; -0.091     ; 1.587      ;
; 18.393 ; 8dffe:PC|29                                                                                                   ; 8dffe:PC|35                                                                                                   ; clk          ; clk         ; 20.000       ; -0.091     ; 1.523      ;
; 18.397 ; 8dffe:PC|29                                                                                                   ; 8dffe:PC|34                                                                                                   ; clk          ; clk         ; 20.000       ; -0.091     ; 1.519      ;
; 18.461 ; 8dffe:PC|29                                                                                                   ; 8dffe:PC|33                                                                                                   ; clk          ; clk         ; 20.000       ; -0.091     ; 1.455      ;
; 18.465 ; 8dffe:PC|29                                                                                                   ; 8dffe:PC|32                                                                                                   ; clk          ; clk         ; 20.000       ; -0.091     ; 1.451      ;
; 18.529 ; 8dffe:PC|29                                                                                                   ; 8dffe:PC|31                                                                                                   ; clk          ; clk         ; 20.000       ; -0.091     ; 1.387      ;
; 18.644 ; 8dffe:PC|35                                                                                                   ; lpm_rom:inst1|altrom:srom|altsyncram:rom_block|altsyncram_7001:auto_generated|ram_block1a0~porta_address_reg0 ; clk          ; clk         ; 20.000       ; 0.013      ; 1.398      ;
; 18.649 ; 8dffe:PC|30                                                                                                   ; lpm_rom:inst1|altrom:srom|altsyncram:rom_block|altsyncram_7001:auto_generated|ram_block1a0~porta_address_reg0 ; clk          ; clk         ; 20.000       ; 0.013      ; 1.393      ;
; 18.695 ; 8dffe:PC|36                                                                                                   ; lpm_rom:inst1|altrom:srom|altsyncram:rom_block|altsyncram_7001:auto_generated|ram_block1a0~porta_address_reg0 ; clk          ; clk         ; 20.000       ; 0.013      ; 1.347      ;
; 18.701 ; 8dffe:PC|29                                                                                                   ; 8dffe:PC|30                                                                                                   ; clk          ; clk         ; 20.000       ; -0.091     ; 1.215      ;
; 18.729 ; 8dffe:PC|33                                                                                                   ; lpm_rom:inst1|altrom:srom|altsyncram:rom_block|altsyncram_7001:auto_generated|ram_block1a0~porta_address_reg0 ; clk          ; clk         ; 20.000       ; 0.013      ; 1.313      ;
; 18.739 ; 8dffe:PC|32                                                                                                   ; lpm_rom:inst1|altrom:srom|altsyncram:rom_block|altsyncram_7001:auto_generated|ram_block1a0~porta_address_reg0 ; clk          ; clk         ; 20.000       ; 0.013      ; 1.303      ;
; 18.790 ; 8dffe:PC|29                                                                                                   ; bcd2ssd:inst3|SSD_reg[2]                                                                                      ; clk          ; clk         ; 20.000       ; -0.091     ; 1.126      ;
; 18.790 ; 8dffe:PC|29                                                                                                   ; bcd2ssd:inst3|SSD_reg[3]                                                                                      ; clk          ; clk         ; 20.000       ; -0.091     ; 1.126      ;
; 18.791 ; 8dffe:PC|29                                                                                                   ; bcd2ssd:inst3|SSD_reg[0]                                                                                      ; clk          ; clk         ; 20.000       ; -0.091     ; 1.125      ;
; 18.791 ; 8dffe:PC|29                                                                                                   ; bcd2ssd:inst3|SSD_reg[6]                                                                                      ; clk          ; clk         ; 20.000       ; -0.091     ; 1.125      ;
; 18.797 ; 8dffe:PC|29                                                                                                   ; bcd2ssd:inst3|SSD_reg[1]                                                                                      ; clk          ; clk         ; 20.000       ; -0.091     ; 1.119      ;
; 18.818 ; 8dffe:PC|29                                                                                                   ; bcd2ssd:inst3|SSD_reg[4]                                                                                      ; clk          ; clk         ; 20.000       ; -0.091     ; 1.098      ;
; 18.822 ; 8dffe:PC|29                                                                                                   ; bcd2ssd:inst3|SSD_reg[5]                                                                                      ; clk          ; clk         ; 20.000       ; -0.091     ; 1.094      ;
; 18.882 ; 8dffe:PC|31                                                                                                   ; lpm_rom:inst1|altrom:srom|altsyncram:rom_block|altsyncram_7001:auto_generated|ram_block1a0~porta_address_reg0 ; clk          ; clk         ; 20.000       ; 0.013      ; 1.160      ;
; 18.909 ; 8dffe:PC|34                                                                                                   ; lpm_rom:inst1|altrom:srom|altsyncram:rom_block|altsyncram_7001:auto_generated|ram_block1a0~porta_address_reg0 ; clk          ; clk         ; 20.000       ; 0.013      ; 1.133      ;
; 18.944 ; 8dffe:ACC|29                                                                                                  ; 8dffe:ACC|36                                                                                                  ; clk          ; clk         ; 20.000       ; -0.023     ; 1.040      ;
; 18.947 ; 8dffe:PC|30                                                                                                   ; 8dffe:PC|36                                                                                                   ; clk          ; clk         ; 20.000       ; -0.024     ; 1.036      ;
; 18.962 ; 8dffe:PC|31                                                                                                   ; 8dffe:PC|36                                                                                                   ; clk          ; clk         ; 20.000       ; -0.024     ; 1.021      ;
; 18.998 ; 8dffe:PC|30                                                                                                   ; 8dffe:PC|35                                                                                                   ; clk          ; clk         ; 20.000       ; -0.024     ; 0.985      ;
; 19.008 ; 8dffe:ACC|29                                                                                                  ; 8dffe:ACC|35                                                                                                  ; clk          ; clk         ; 20.000       ; -0.023     ; 0.976      ;
; 19.012 ; 8dffe:ACC|29                                                                                                  ; 8dffe:ACC|34                                                                                                  ; clk          ; clk         ; 20.000       ; -0.023     ; 0.972      ;
; 19.012 ; 8dffe:ACC|31                                                                                                  ; 8dffe:ACC|36                                                                                                  ; clk          ; clk         ; 20.000       ; -0.023     ; 0.972      ;
; 19.014 ; 8dffe:PC|29                                                                                                   ; lpm_rom:inst1|altrom:srom|altsyncram:rom_block|altsyncram_7001:auto_generated|ram_block1a0~porta_address_reg0 ; clk          ; clk         ; 20.000       ; -0.037     ; 0.978      ;
; 19.015 ; 8dffe:PC|30                                                                                                   ; 8dffe:PC|34                                                                                                   ; clk          ; clk         ; 20.000       ; -0.024     ; 0.968      ;
; 19.026 ; 8dffe:PC|31                                                                                                   ; 8dffe:PC|35                                                                                                   ; clk          ; clk         ; 20.000       ; -0.024     ; 0.957      ;
; 19.030 ; 8dffe:PC|31                                                                                                   ; 8dffe:PC|34                                                                                                   ; clk          ; clk         ; 20.000       ; -0.024     ; 0.953      ;
; 19.060 ; 8dffe:ACC|30                                                                                                  ; 8dffe:ACC|36                                                                                                  ; clk          ; clk         ; 20.000       ; -0.023     ; 0.924      ;
; 19.066 ; 8dffe:PC|30                                                                                                   ; 8dffe:PC|33                                                                                                   ; clk          ; clk         ; 20.000       ; -0.024     ; 0.917      ;
; 19.076 ; 8dffe:ACC|29                                                                                                  ; 8dffe:ACC|33                                                                                                  ; clk          ; clk         ; 20.000       ; -0.023     ; 0.908      ;
; 19.076 ; 8dffe:ACC|31                                                                                                  ; 8dffe:ACC|35                                                                                                  ; clk          ; clk         ; 20.000       ; -0.023     ; 0.908      ;
; 19.080 ; 8dffe:PC|32                                                                                                   ; 8dffe:PC|36                                                                                                   ; clk          ; clk         ; 20.000       ; -0.024     ; 0.903      ;
; 19.080 ; 8dffe:ACC|29                                                                                                  ; 8dffe:ACC|32                                                                                                  ; clk          ; clk         ; 20.000       ; -0.023     ; 0.904      ;
; 19.080 ; 8dffe:ACC|31                                                                                                  ; 8dffe:ACC|34                                                                                                  ; clk          ; clk         ; 20.000       ; -0.023     ; 0.904      ;
; 19.082 ; 8dffe:PC|33                                                                                                   ; 8dffe:PC|36                                                                                                   ; clk          ; clk         ; 20.000       ; -0.024     ; 0.901      ;
; 19.083 ; 8dffe:PC|30                                                                                                   ; 8dffe:PC|32                                                                                                   ; clk          ; clk         ; 20.000       ; -0.024     ; 0.900      ;
; 19.084 ; 8dffe:ACC|33                                                                                                  ; 8dffe:ACC|36                                                                                                  ; clk          ; clk         ; 20.000       ; -0.023     ; 0.900      ;
; 19.090 ; 8dffe:ACC|30                                                                                                  ; 8dffe:ACC|35                                                                                                  ; clk          ; clk         ; 20.000       ; -0.023     ; 0.894      ;
; 19.094 ; 8dffe:PC|31                                                                                                   ; 8dffe:PC|33                                                                                                   ; clk          ; clk         ; 20.000       ; -0.024     ; 0.889      ;
; 19.098 ; 8dffe:PC|31                                                                                                   ; 8dffe:PC|32                                                                                                   ; clk          ; clk         ; 20.000       ; -0.024     ; 0.885      ;
; 19.123 ; 8dffe:PC|32                                                                                                   ; 8dffe:PC|35                                                                                                   ; clk          ; clk         ; 20.000       ; -0.024     ; 0.860      ;
; 19.128 ; 8dffe:ACC|30                                                                                                  ; 8dffe:ACC|34                                                                                                  ; clk          ; clk         ; 20.000       ; -0.023     ; 0.856      ;
; 19.128 ; 8dffe:ACC|32                                                                                                  ; 8dffe:ACC|36                                                                                                  ; clk          ; clk         ; 20.000       ; -0.023     ; 0.856      ;
; 19.134 ; 8dffe:PC|30                                                                                                   ; 8dffe:PC|31                                                                                                   ; clk          ; clk         ; 20.000       ; -0.024     ; 0.849      ;
; 19.144 ; 8dffe:ACC|29                                                                                                  ; 8dffe:ACC|31                                                                                                  ; clk          ; clk         ; 20.000       ; -0.023     ; 0.840      ;
; 19.144 ; 8dffe:ACC|31                                                                                                  ; 8dffe:ACC|33                                                                                                  ; clk          ; clk         ; 20.000       ; -0.023     ; 0.840      ;
; 19.146 ; 8dffe:PC|35                                                                                                   ; 8dffe:PC|36                                                                                                   ; clk          ; clk         ; 20.000       ; -0.024     ; 0.837      ;
; 19.146 ; 8dffe:PC|33                                                                                                   ; 8dffe:PC|35                                                                                                   ; clk          ; clk         ; 20.000       ; -0.024     ; 0.837      ;
; 19.148 ; 8dffe:PC|32                                                                                                   ; 8dffe:PC|34                                                                                                   ; clk          ; clk         ; 20.000       ; -0.024     ; 0.835      ;
; 19.148 ; 8dffe:ACC|29                                                                                                  ; 8dffe:ACC|30                                                                                                  ; clk          ; clk         ; 20.000       ; -0.023     ; 0.836      ;
; 19.148 ; 8dffe:ACC|31                                                                                                  ; 8dffe:ACC|32                                                                                                  ; clk          ; clk         ; 20.000       ; -0.023     ; 0.836      ;
; 19.148 ; 8dffe:ACC|33                                                                                                  ; 8dffe:ACC|35                                                                                                  ; clk          ; clk         ; 20.000       ; -0.023     ; 0.836      ;
; 19.150 ; 8dffe:PC|33                                                                                                   ; 8dffe:PC|34                                                                                                   ; clk          ; clk         ; 20.000       ; -0.024     ; 0.833      ;
; 19.151 ; 8dffe:ACC|35                                                                                                  ; 8dffe:ACC|36                                                                                                  ; clk          ; clk         ; 20.000       ; -0.023     ; 0.833      ;
; 19.152 ; 8dffe:ACC|33                                                                                                  ; 8dffe:ACC|34                                                                                                  ; clk          ; clk         ; 20.000       ; -0.023     ; 0.832      ;
; 19.158 ; 8dffe:ACC|30                                                                                                  ; 8dffe:ACC|33                                                                                                  ; clk          ; clk         ; 20.000       ; -0.023     ; 0.826      ;
; 19.158 ; 8dffe:ACC|32                                                                                                  ; 8dffe:ACC|35                                                                                                  ; clk          ; clk         ; 20.000       ; -0.023     ; 0.826      ;
; 19.191 ; 8dffe:PC|32                                                                                                   ; 8dffe:PC|33                                                                                                   ; clk          ; clk         ; 20.000       ; -0.024     ; 0.792      ;
; 19.196 ; 8dffe:PC|34                                                                                                   ; 8dffe:PC|36                                                                                                   ; clk          ; clk         ; 20.000       ; -0.024     ; 0.787      ;
; 19.196 ; 8dffe:ACC|30                                                                                                  ; 8dffe:ACC|32                                                                                                  ; clk          ; clk         ; 20.000       ; -0.023     ; 0.788      ;
; 19.196 ; 8dffe:ACC|32                                                                                                  ; 8dffe:ACC|34                                                                                                  ; clk          ; clk         ; 20.000       ; -0.023     ; 0.788      ;
; 19.196 ; 8dffe:ACC|34                                                                                                  ; 8dffe:ACC|36                                                                                                  ; clk          ; clk         ; 20.000       ; -0.023     ; 0.788      ;
; 19.225 ; 8dffe:PC|34                                                                                                   ; 8dffe:PC|35                                                                                                   ; clk          ; clk         ; 20.000       ; -0.024     ; 0.758      ;
; 19.226 ; 8dffe:ACC|30                                                                                                  ; 8dffe:ACC|31                                                                                                  ; clk          ; clk         ; 20.000       ; -0.023     ; 0.758      ;
; 19.226 ; 8dffe:ACC|32                                                                                                  ; 8dffe:ACC|33                                                                                                  ; clk          ; clk         ; 20.000       ; -0.023     ; 0.758      ;
; 19.226 ; 8dffe:ACC|34                                                                                                  ; 8dffe:ACC|35                                                                                                  ; clk          ; clk         ; 20.000       ; -0.023     ; 0.758      ;
; 19.320 ; 8dffe:PC|30                                                                                                   ; 8dffe:PC|30                                                                                                   ; clk          ; clk         ; 20.000       ; -0.022     ; 0.665      ;
; 19.373 ; 8dffe:PC|31                                                                                                   ; bcd2ssd:inst3|SSD_reg[2]                                                                                      ; clk          ; clk         ; 20.000       ; -0.024     ; 0.610      ;
; 19.374 ; 8dffe:PC|31                                                                                                   ; bcd2ssd:inst3|SSD_reg[6]                                                                                      ; clk          ; clk         ; 20.000       ; -0.024     ; 0.609      ;
; 19.376 ; 8dffe:PC|32                                                                                                   ; bcd2ssd:inst3|SSD_reg[2]                                                                                      ; clk          ; clk         ; 20.000       ; -0.024     ; 0.607      ;
; 19.376 ; 8dffe:PC|32                                                                                                   ; bcd2ssd:inst3|SSD_reg[3]                                                                                      ; clk          ; clk         ; 20.000       ; -0.024     ; 0.607      ;
; 19.377 ; 8dffe:PC|32                                                                                                   ; bcd2ssd:inst3|SSD_reg[0]                                                                                      ; clk          ; clk         ; 20.000       ; -0.024     ; 0.606      ;
; 19.378 ; 8dffe:PC|32                                                                                                   ; bcd2ssd:inst3|SSD_reg[6]                                                                                      ; clk          ; clk         ; 20.000       ; -0.024     ; 0.605      ;
; 19.379 ; 8dffe:PC|32                                                                                                   ; bcd2ssd:inst3|SSD_reg[4]                                                                                      ; clk          ; clk         ; 20.000       ; -0.024     ; 0.604      ;
; 19.380 ; 8dffe:PC|31                                                                                                   ; bcd2ssd:inst3|SSD_reg[3]                                                                                      ; clk          ; clk         ; 20.000       ; -0.024     ; 0.603      ;
; 19.382 ; 8dffe:PC|31                                                                                                   ; bcd2ssd:inst3|SSD_reg[0]                                                                                      ; clk          ; clk         ; 20.000       ; -0.024     ; 0.601      ;
; 19.383 ; 8dffe:PC|31                                                                                                   ; bcd2ssd:inst3|SSD_reg[4]                                                                                      ; clk          ; clk         ; 20.000       ; -0.024     ; 0.600      ;
; 19.384 ; 8dffe:PC|31                                                                                                   ; bcd2ssd:inst3|SSD_reg[1]                                                                                      ; clk          ; clk         ; 20.000       ; -0.024     ; 0.599      ;
; 19.385 ; 8dffe:PC|32                                                                                                   ; bcd2ssd:inst3|SSD_reg[1]                                                                                      ; clk          ; clk         ; 20.000       ; -0.024     ; 0.598      ;
; 19.386 ; 8dffe:PC|32                                                                                                   ; 8dffe:PC|32                                                                                                   ; clk          ; clk         ; 20.000       ; -0.022     ; 0.599      ;
; 19.391 ; 8dffe:PC|31                                                                                                   ; bcd2ssd:inst3|SSD_reg[5]                                                                                      ; clk          ; clk         ; 20.000       ; -0.024     ; 0.592      ;
; 19.392 ; 8dffe:PC|31                                                                                                   ; 8dffe:PC|31                                                                                                   ; clk          ; clk         ; 20.000       ; -0.022     ; 0.593      ;
; 19.393 ; 8dffe:PC|32                                                                                                   ; bcd2ssd:inst3|SSD_reg[5]                                                                                      ; clk          ; clk         ; 20.000       ; -0.024     ; 0.590      ;
; 19.433 ; 8dffe:PC|34                                                                                                   ; 8dffe:PC|34                                                                                                   ; clk          ; clk         ; 20.000       ; -0.022     ; 0.552      ;
; 19.434 ; 8dffe:ACC|29                                                                                                  ; 8dffe:ACC|29                                                                                                  ; clk          ; clk         ; 20.000       ; -0.022     ; 0.551      ;
; 19.434 ; 8dffe:ACC|31                                                                                                  ; 8dffe:ACC|31                                                                                                  ; clk          ; clk         ; 20.000       ; -0.022     ; 0.551      ;
; 19.436 ; 8dffe:ACC|35                                                                                                  ; 8dffe:ACC|35                                                                                                  ; clk          ; clk         ; 20.000       ; -0.022     ; 0.549      ;
+--------+---------------------------------------------------------------------------------------------------------------+---------------------------------------------------------------------------------------------------------------+--------------+-------------+--------------+------------+------------+


+------------------------------------------------------------------------------------------------------------------------------------------------------------------------------------------------------------+
; Fast 1200mV 0C Model Hold: 'clk'                                                                                                                                                                           ;
+-------+--------------+---------------------------------------------------------------------------------------------------------------+--------------+-------------+--------------+------------+------------+
; Slack ; From Node    ; To Node                                                                                                       ; Launch Clock ; Latch Clock ; Relationship ; Clock Skew ; Data Delay ;
+-------+--------------+---------------------------------------------------------------------------------------------------------------+--------------+-------------+--------------+------------+------------+
; 0.208 ; 8dffe:PC|29  ; 8dffe:PC|29                                                                                                   ; clk          ; clk         ; 0.000        ; 0.022      ; 0.314      ;
; 0.218 ; 8dffe:ACC|36 ; 8dffe:ACC|36                                                                                                  ; clk          ; clk         ; 0.000        ; 0.022      ; 0.324      ;
; 0.219 ; 8dffe:PC|36  ; 8dffe:PC|36                                                                                                   ; clk          ; clk         ; 0.000        ; 0.022      ; 0.325      ;
; 0.303 ; 8dffe:PC|30  ; bcd2ssd:inst3|SSD_reg[1]                                                                                      ; clk          ; clk         ; 0.000        ; 0.024      ; 0.411      ;
; 0.303 ; 8dffe:PC|30  ; bcd2ssd:inst3|SSD_reg[5]                                                                                      ; clk          ; clk         ; 0.000        ; 0.024      ; 0.411      ;
; 0.309 ; 8dffe:PC|30  ; bcd2ssd:inst3|SSD_reg[4]                                                                                      ; clk          ; clk         ; 0.000        ; 0.024      ; 0.417      ;
; 0.311 ; 8dffe:PC|30  ; bcd2ssd:inst3|SSD_reg[6]                                                                                      ; clk          ; clk         ; 0.000        ; 0.024      ; 0.419      ;
; 0.312 ; 8dffe:PC|30  ; bcd2ssd:inst3|SSD_reg[0]                                                                                      ; clk          ; clk         ; 0.000        ; 0.024      ; 0.420      ;
; 0.313 ; 8dffe:PC|30  ; bcd2ssd:inst3|SSD_reg[3]                                                                                      ; clk          ; clk         ; 0.000        ; 0.024      ; 0.421      ;
; 0.317 ; 8dffe:PC|30  ; bcd2ssd:inst3|SSD_reg[2]                                                                                      ; clk          ; clk         ; 0.000        ; 0.024      ; 0.425      ;
; 0.319 ; 8dffe:PC|33  ; 8dffe:PC|33                                                                                                   ; clk          ; clk         ; 0.000        ; 0.022      ; 0.425      ;
; 0.320 ; 8dffe:PC|34  ; 8dffe:PC|34                                                                                                   ; clk          ; clk         ; 0.000        ; 0.022      ; 0.426      ;
; 0.320 ; 8dffe:PC|35  ; 8dffe:PC|35                                                                                                   ; clk          ; clk         ; 0.000        ; 0.022      ; 0.426      ;
; 0.320 ; 8dffe:ACC|30 ; 8dffe:ACC|30                                                                                                  ; clk          ; clk         ; 0.000        ; 0.022      ; 0.426      ;
; 0.320 ; 8dffe:ACC|33 ; 8dffe:ACC|33                                                                                                  ; clk          ; clk         ; 0.000        ; 0.022      ; 0.426      ;
; 0.320 ; 8dffe:ACC|35 ; 8dffe:ACC|35                                                                                                  ; clk          ; clk         ; 0.000        ; 0.022      ; 0.426      ;
; 0.321 ; 8dffe:ACC|29 ; 8dffe:ACC|29                                                                                                  ; clk          ; clk         ; 0.000        ; 0.022      ; 0.427      ;
; 0.321 ; 8dffe:ACC|31 ; 8dffe:ACC|31                                                                                                  ; clk          ; clk         ; 0.000        ; 0.022      ; 0.427      ;
; 0.321 ; 8dffe:ACC|32 ; 8dffe:ACC|32                                                                                                  ; clk          ; clk         ; 0.000        ; 0.022      ; 0.427      ;
; 0.321 ; 8dffe:ACC|34 ; 8dffe:ACC|34                                                                                                  ; clk          ; clk         ; 0.000        ; 0.022      ; 0.427      ;
; 0.351 ; 8dffe:PC|32  ; bcd2ssd:inst3|SSD_reg[5]                                                                                      ; clk          ; clk         ; 0.000        ; 0.024      ; 0.459      ;
; 0.354 ; 8dffe:PC|31  ; 8dffe:PC|31                                                                                                   ; clk          ; clk         ; 0.000        ; 0.022      ; 0.460      ;
; 0.354 ; 8dffe:PC|32  ; 8dffe:PC|32                                                                                                   ; clk          ; clk         ; 0.000        ; 0.022      ; 0.460      ;
; 0.355 ; 8dffe:PC|32  ; bcd2ssd:inst3|SSD_reg[4]                                                                                      ; clk          ; clk         ; 0.000        ; 0.024      ; 0.463      ;
; 0.356 ; 8dffe:PC|32  ; bcd2ssd:inst3|SSD_reg[0]                                                                                      ; clk          ; clk         ; 0.000        ; 0.024      ; 0.464      ;
; 0.356 ; 8dffe:PC|32  ; bcd2ssd:inst3|SSD_reg[6]                                                                                      ; clk          ; clk         ; 0.000        ; 0.024      ; 0.464      ;
; 0.358 ; 8dffe:PC|31  ; bcd2ssd:inst3|SSD_reg[5]                                                                                      ; clk          ; clk         ; 0.000        ; 0.024      ; 0.466      ;
; 0.359 ; 8dffe:PC|31  ; bcd2ssd:inst3|SSD_reg[0]                                                                                      ; clk          ; clk         ; 0.000        ; 0.024      ; 0.467      ;
; 0.359 ; 8dffe:PC|31  ; bcd2ssd:inst3|SSD_reg[3]                                                                                      ; clk          ; clk         ; 0.000        ; 0.024      ; 0.467      ;
; 0.362 ; 8dffe:PC|31  ; bcd2ssd:inst3|SSD_reg[1]                                                                                      ; clk          ; clk         ; 0.000        ; 0.024      ; 0.470      ;
; 0.362 ; 8dffe:PC|32  ; bcd2ssd:inst3|SSD_reg[1]                                                                                      ; clk          ; clk         ; 0.000        ; 0.024      ; 0.470      ;
; 0.363 ; 8dffe:PC|32  ; bcd2ssd:inst3|SSD_reg[2]                                                                                      ; clk          ; clk         ; 0.000        ; 0.024      ; 0.471      ;
; 0.366 ; 8dffe:PC|31  ; bcd2ssd:inst3|SSD_reg[2]                                                                                      ; clk          ; clk         ; 0.000        ; 0.024      ; 0.474      ;
; 0.368 ; 8dffe:PC|31  ; bcd2ssd:inst3|SSD_reg[6]                                                                                      ; clk          ; clk         ; 0.000        ; 0.024      ; 0.476      ;
; 0.368 ; 8dffe:PC|32  ; bcd2ssd:inst3|SSD_reg[3]                                                                                      ; clk          ; clk         ; 0.000        ; 0.024      ; 0.476      ;
; 0.378 ; 8dffe:PC|31  ; bcd2ssd:inst3|SSD_reg[4]                                                                                      ; clk          ; clk         ; 0.000        ; 0.024      ; 0.486      ;
; 0.414 ; 8dffe:PC|30  ; 8dffe:PC|30                                                                                                   ; clk          ; clk         ; 0.000        ; 0.022      ; 0.520      ;
; 0.466 ; 8dffe:PC|33  ; 8dffe:PC|34                                                                                                   ; clk          ; clk         ; 0.000        ; 0.024      ; 0.574      ;
; 0.467 ; 8dffe:PC|35  ; 8dffe:PC|36                                                                                                   ; clk          ; clk         ; 0.000        ; 0.024      ; 0.575      ;
; 0.467 ; 8dffe:ACC|33 ; 8dffe:ACC|34                                                                                                  ; clk          ; clk         ; 0.000        ; 0.023      ; 0.574      ;
; 0.467 ; 8dffe:ACC|35 ; 8dffe:ACC|36                                                                                                  ; clk          ; clk         ; 0.000        ; 0.023      ; 0.574      ;
; 0.468 ; 8dffe:ACC|29 ; 8dffe:ACC|30                                                                                                  ; clk          ; clk         ; 0.000        ; 0.023      ; 0.575      ;
; 0.468 ; 8dffe:ACC|31 ; 8dffe:ACC|32                                                                                                  ; clk          ; clk         ; 0.000        ; 0.023      ; 0.575      ;
; 0.476 ; 8dffe:PC|34  ; 8dffe:PC|35                                                                                                   ; clk          ; clk         ; 0.000        ; 0.024      ; 0.584      ;
; 0.478 ; 8dffe:ACC|30 ; 8dffe:ACC|31                                                                                                  ; clk          ; clk         ; 0.000        ; 0.023      ; 0.585      ;
; 0.479 ; 8dffe:PC|34  ; 8dffe:PC|36                                                                                                   ; clk          ; clk         ; 0.000        ; 0.024      ; 0.587      ;
; 0.479 ; 8dffe:ACC|32 ; 8dffe:ACC|33                                                                                                  ; clk          ; clk         ; 0.000        ; 0.023      ; 0.586      ;
; 0.479 ; 8dffe:ACC|34 ; 8dffe:ACC|35                                                                                                  ; clk          ; clk         ; 0.000        ; 0.023      ; 0.586      ;
; 0.481 ; 8dffe:ACC|30 ; 8dffe:ACC|32                                                                                                  ; clk          ; clk         ; 0.000        ; 0.023      ; 0.588      ;
; 0.482 ; 8dffe:ACC|32 ; 8dffe:ACC|34                                                                                                  ; clk          ; clk         ; 0.000        ; 0.023      ; 0.589      ;
; 0.482 ; 8dffe:ACC|34 ; 8dffe:ACC|36                                                                                                  ; clk          ; clk         ; 0.000        ; 0.023      ; 0.589      ;
; 0.501 ; 8dffe:PC|31  ; 8dffe:PC|32                                                                                                   ; clk          ; clk         ; 0.000        ; 0.024      ; 0.609      ;
; 0.510 ; 8dffe:PC|32  ; 8dffe:PC|33                                                                                                   ; clk          ; clk         ; 0.000        ; 0.024      ; 0.618      ;
; 0.513 ; 8dffe:PC|32  ; 8dffe:PC|34                                                                                                   ; clk          ; clk         ; 0.000        ; 0.024      ; 0.621      ;
; 0.529 ; 8dffe:PC|33  ; 8dffe:PC|35                                                                                                   ; clk          ; clk         ; 0.000        ; 0.024      ; 0.637      ;
; 0.530 ; 8dffe:ACC|33 ; 8dffe:ACC|35                                                                                                  ; clk          ; clk         ; 0.000        ; 0.023      ; 0.637      ;
; 0.531 ; 8dffe:ACC|29 ; 8dffe:ACC|31                                                                                                  ; clk          ; clk         ; 0.000        ; 0.023      ; 0.638      ;
; 0.531 ; 8dffe:ACC|31 ; 8dffe:ACC|33                                                                                                  ; clk          ; clk         ; 0.000        ; 0.023      ; 0.638      ;
; 0.532 ; 8dffe:PC|33  ; 8dffe:PC|36                                                                                                   ; clk          ; clk         ; 0.000        ; 0.024      ; 0.640      ;
; 0.533 ; 8dffe:ACC|33 ; 8dffe:ACC|36                                                                                                  ; clk          ; clk         ; 0.000        ; 0.023      ; 0.640      ;
; 0.534 ; 8dffe:ACC|29 ; 8dffe:ACC|32                                                                                                  ; clk          ; clk         ; 0.000        ; 0.023      ; 0.641      ;
; 0.534 ; 8dffe:ACC|31 ; 8dffe:ACC|34                                                                                                  ; clk          ; clk         ; 0.000        ; 0.023      ; 0.641      ;
; 0.544 ; 8dffe:ACC|30 ; 8dffe:ACC|33                                                                                                  ; clk          ; clk         ; 0.000        ; 0.023      ; 0.651      ;
; 0.545 ; 8dffe:ACC|32 ; 8dffe:ACC|35                                                                                                  ; clk          ; clk         ; 0.000        ; 0.023      ; 0.652      ;
; 0.547 ; 8dffe:ACC|30 ; 8dffe:ACC|34                                                                                                  ; clk          ; clk         ; 0.000        ; 0.023      ; 0.654      ;
; 0.548 ; 8dffe:ACC|32 ; 8dffe:ACC|36                                                                                                  ; clk          ; clk         ; 0.000        ; 0.023      ; 0.655      ;
; 0.564 ; 8dffe:PC|30  ; 8dffe:PC|31                                                                                                   ; clk          ; clk         ; 0.000        ; 0.024      ; 0.672      ;
; 0.564 ; 8dffe:PC|31  ; 8dffe:PC|33                                                                                                   ; clk          ; clk         ; 0.000        ; 0.024      ; 0.672      ;
; 0.567 ; 8dffe:PC|30  ; 8dffe:PC|32                                                                                                   ; clk          ; clk         ; 0.000        ; 0.024      ; 0.675      ;
; 0.567 ; 8dffe:PC|31  ; 8dffe:PC|34                                                                                                   ; clk          ; clk         ; 0.000        ; 0.024      ; 0.675      ;
; 0.576 ; 8dffe:PC|32  ; 8dffe:PC|35                                                                                                   ; clk          ; clk         ; 0.000        ; 0.024      ; 0.684      ;
; 0.579 ; 8dffe:PC|32  ; 8dffe:PC|36                                                                                                   ; clk          ; clk         ; 0.000        ; 0.024      ; 0.687      ;
; 0.597 ; 8dffe:ACC|29 ; 8dffe:ACC|33                                                                                                  ; clk          ; clk         ; 0.000        ; 0.023      ; 0.704      ;
; 0.597 ; 8dffe:ACC|31 ; 8dffe:ACC|35                                                                                                  ; clk          ; clk         ; 0.000        ; 0.023      ; 0.704      ;
; 0.600 ; 8dffe:ACC|29 ; 8dffe:ACC|34                                                                                                  ; clk          ; clk         ; 0.000        ; 0.023      ; 0.707      ;
; 0.600 ; 8dffe:ACC|31 ; 8dffe:ACC|36                                                                                                  ; clk          ; clk         ; 0.000        ; 0.023      ; 0.707      ;
; 0.610 ; 8dffe:ACC|30 ; 8dffe:ACC|35                                                                                                  ; clk          ; clk         ; 0.000        ; 0.023      ; 0.717      ;
; 0.613 ; 8dffe:ACC|30 ; 8dffe:ACC|36                                                                                                  ; clk          ; clk         ; 0.000        ; 0.023      ; 0.720      ;
; 0.630 ; 8dffe:PC|30  ; 8dffe:PC|33                                                                                                   ; clk          ; clk         ; 0.000        ; 0.024      ; 0.738      ;
; 0.630 ; 8dffe:PC|31  ; 8dffe:PC|35                                                                                                   ; clk          ; clk         ; 0.000        ; 0.024      ; 0.738      ;
; 0.633 ; 8dffe:PC|30  ; 8dffe:PC|34                                                                                                   ; clk          ; clk         ; 0.000        ; 0.024      ; 0.741      ;
; 0.633 ; 8dffe:PC|31  ; 8dffe:PC|36                                                                                                   ; clk          ; clk         ; 0.000        ; 0.024      ; 0.741      ;
; 0.639 ; 8dffe:PC|29  ; lpm_rom:inst1|altrom:srom|altsyncram:rom_block|altsyncram_7001:auto_generated|ram_block1a0~porta_address_reg0 ; clk          ; clk         ; 0.000        ; 0.086      ; 0.829      ;
; 0.663 ; 8dffe:ACC|29 ; 8dffe:ACC|35                                                                                                  ; clk          ; clk         ; 0.000        ; 0.023      ; 0.770      ;
; 0.666 ; 8dffe:ACC|29 ; 8dffe:ACC|36                                                                                                  ; clk          ; clk         ; 0.000        ; 0.023      ; 0.773      ;
; 0.696 ; 8dffe:PC|30  ; 8dffe:PC|35                                                                                                   ; clk          ; clk         ; 0.000        ; 0.024      ; 0.804      ;
; 0.699 ; 8dffe:PC|30  ; 8dffe:PC|36                                                                                                   ; clk          ; clk         ; 0.000        ; 0.024      ; 0.807      ;
; 0.719 ; 8dffe:PC|31  ; lpm_rom:inst1|altrom:srom|altsyncram:rom_block|altsyncram_7001:auto_generated|ram_block1a0~porta_address_reg0 ; clk          ; clk         ; 0.000        ; 0.134      ; 0.957      ;
; 0.720 ; 8dffe:PC|34  ; lpm_rom:inst1|altrom:srom|altsyncram:rom_block|altsyncram_7001:auto_generated|ram_block1a0~porta_address_reg0 ; clk          ; clk         ; 0.000        ; 0.134      ; 0.958      ;
; 0.864 ; 8dffe:PC|29  ; bcd2ssd:inst3|SSD_reg[1]                                                                                      ; clk          ; clk         ; 0.000        ; -0.007     ; 0.941      ;
; 0.864 ; 8dffe:PC|29  ; bcd2ssd:inst3|SSD_reg[5]                                                                                      ; clk          ; clk         ; 0.000        ; -0.007     ; 0.941      ;
; 0.867 ; 8dffe:PC|29  ; bcd2ssd:inst3|SSD_reg[4]                                                                                      ; clk          ; clk         ; 0.000        ; -0.007     ; 0.944      ;
; 0.869 ; 8dffe:PC|29  ; bcd2ssd:inst3|SSD_reg[0]                                                                                      ; clk          ; clk         ; 0.000        ; -0.007     ; 0.946      ;
; 0.869 ; 8dffe:PC|29  ; bcd2ssd:inst3|SSD_reg[3]                                                                                      ; clk          ; clk         ; 0.000        ; -0.007     ; 0.946      ;
; 0.869 ; 8dffe:PC|29  ; bcd2ssd:inst3|SSD_reg[6]                                                                                      ; clk          ; clk         ; 0.000        ; -0.007     ; 0.946      ;
; 0.871 ; 8dffe:PC|29  ; bcd2ssd:inst3|SSD_reg[2]                                                                                      ; clk          ; clk         ; 0.000        ; -0.007     ; 0.948      ;
; 0.880 ; 8dffe:PC|32  ; lpm_rom:inst1|altrom:srom|altsyncram:rom_block|altsyncram_7001:auto_generated|ram_block1a0~porta_address_reg0 ; clk          ; clk         ; 0.000        ; 0.134      ; 1.118      ;
; 0.882 ; 8dffe:PC|33  ; lpm_rom:inst1|altrom:srom|altsyncram:rom_block|altsyncram_7001:auto_generated|ram_block1a0~porta_address_reg0 ; clk          ; clk         ; 0.000        ; 0.134      ; 1.120      ;
; 0.911 ; 8dffe:PC|36  ; lpm_rom:inst1|altrom:srom|altsyncram:rom_block|altsyncram_7001:auto_generated|ram_block1a0~porta_address_reg0 ; clk          ; clk         ; 0.000        ; 0.134      ; 1.149      ;
; 0.915 ; 8dffe:PC|30  ; lpm_rom:inst1|altrom:srom|altsyncram:rom_block|altsyncram_7001:auto_generated|ram_block1a0~porta_address_reg0 ; clk          ; clk         ; 0.000        ; 0.134      ; 1.153      ;
+-------+--------------+---------------------------------------------------------------------------------------------------------------+--------------+-------------+--------------+------------+------------+


----------------------------------------------
; Fast 1200mV 0C Model Metastability Summary ;
----------------------------------------------
No synchronizer chains to report.


+------------------------------------------------------------------------------+
; Multicorner Timing Analysis Summary                                          ;
+------------------+--------+-------+----------+---------+---------------------+
; Clock            ; Setup  ; Hold  ; Recovery ; Removal ; Minimum Pulse Width ;
+------------------+--------+-------+----------+---------+---------------------+
; Worst-case Slack ; 13.086 ; 0.208 ; N/A      ; N/A     ; 9.316               ;
;  clk             ; 13.086 ; 0.208 ; N/A      ; N/A     ; 9.316               ;
; Design-wide TNS  ; 0.0    ; 0.0   ; 0.0      ; 0.0     ; 0.0                 ;
;  clk             ; 0.000  ; 0.000 ; N/A      ; N/A     ; 0.000               ;
+------------------+--------+-------+----------+---------+---------------------+


+------------------------------------------------------------------------------------------------------------------------------------------------------------------------------------------------------------------------------------------------------------------------------------------------------------------------------------------------------------------------------------------------------------------+
; Board Trace Model Assignments                                                                                                                                                                                                                                                                                                                                                                                    ;
+---------------+--------------+-------------------+-------------------------+-------------------------+---------------+---------------------+----------------+------------------+--------+------------------+------------------------+------------------------+--------------+---------------+-----------------+-------+---------------------+--------------------+---------------+-----------------+-------------+
; Pin           ; I/O Standard ; Near Tline Length ; Near Tline L per Length ; Near Tline C per Length ; Near Series R ; Near Differential R ; Near Pull-up R ; Near Pull-down R ; Near C ; Far Tline Length ; Far Tline L per Length ; Far Tline C per Length ; Far Series R ; Far Pull-up R ; Far Pull-down R ; Far C ; Termination Voltage ; Far Differential R ; EBD File Name ; EBD Signal Name ; EBD Far-end ;
+---------------+--------------+-------------------+-------------------------+-------------------------+---------------+---------------------+----------------+------------------+--------+------------------+------------------------+------------------------+--------------+---------------+-----------------+-------+---------------------+--------------------+---------------+-----------------+-------------+
; cpu_out[7]    ; 2.5 V        ; 0 in              ; 0 H/in                  ; 0 F/in                  ; short         ; -                   ; open           ; open             ; open   ; 0 in             ; 0 H/in                 ; 0 F/in                 ; short        ; open          ; open            ; open  ; 0 V                 ; -                  ; n/a           ; n/a             ; n/a         ;
; cpu_out[6]    ; 2.5 V        ; 0 in              ; 0 H/in                  ; 0 F/in                  ; short         ; -                   ; open           ; open             ; open   ; 0 in             ; 0 H/in                 ; 0 F/in                 ; short        ; open          ; open            ; open  ; 0 V                 ; -                  ; n/a           ; n/a             ; n/a         ;
; cpu_out[5]    ; 2.5 V        ; 0 in              ; 0 H/in                  ; 0 F/in                  ; short         ; -                   ; open           ; open             ; open   ; 0 in             ; 0 H/in                 ; 0 F/in                 ; short        ; open          ; open            ; open  ; 0 V                 ; -                  ; n/a           ; n/a             ; n/a         ;
; cpu_out[4]    ; 2.5 V        ; 0 in              ; 0 H/in                  ; 0 F/in                  ; short         ; -                   ; open           ; open             ; open   ; 0 in             ; 0 H/in                 ; 0 F/in                 ; short        ; open          ; open            ; open  ; 0 V                 ; -                  ; n/a           ; n/a             ; n/a         ;
; cpu_out[3]    ; 2.5 V        ; 0 in              ; 0 H/in                  ; 0 F/in                  ; short         ; -                   ; open           ; open             ; open   ; 0 in             ; 0 H/in                 ; 0 F/in                 ; short        ; open          ; open            ; open  ; 0 V                 ; -                  ; n/a           ; n/a             ; n/a         ;
; cpu_out[2]    ; 2.5 V        ; 0 in              ; 0 H/in                  ; 0 F/in                  ; short         ; -                   ; open           ; open             ; open   ; 0 in             ; 0 H/in                 ; 0 F/in                 ; short        ; open          ; open            ; open  ; 0 V                 ; -                  ; n/a           ; n/a             ; n/a         ;
; cpu_out[1]    ; 2.5 V        ; 0 in              ; 0 H/in                  ; 0 F/in                  ; short         ; -                   ; open           ; open             ; open   ; 0 in             ; 0 H/in                 ; 0 F/in                 ; short        ; open          ; open            ; open  ; 0 V                 ; -                  ; n/a           ; n/a             ; n/a         ;
; cpu_out[0]    ; 2.5 V        ; 0 in              ; 0 H/in                  ; 0 F/in                  ; short         ; -                   ; open           ; open             ; open   ; 0 in             ; 0 H/in                 ; 0 F/in                 ; short        ; open          ; open            ; open  ; 0 V                 ; -                  ; n/a           ; n/a             ; n/a         ;
; MEM_OUT[9]    ; 2.5 V        ; 0 in              ; 0 H/in                  ; 0 F/in                  ; short         ; -                   ; open           ; open             ; open   ; 0 in             ; 0 H/in                 ; 0 F/in                 ; short        ; open          ; open            ; open  ; 0 V                 ; -                  ; n/a           ; n/a             ; n/a         ;
; MEM_OUT[8]    ; 2.5 V        ; 0 in              ; 0 H/in                  ; 0 F/in                  ; short         ; -                   ; open           ; open             ; open   ; 0 in             ; 0 H/in                 ; 0 F/in                 ; short        ; open          ; open            ; open  ; 0 V                 ; -                  ; n/a           ; n/a             ; n/a         ;
; MEM_OUT[7]    ; 2.5 V        ; 0 in              ; 0 H/in                  ; 0 F/in                  ; short         ; -                   ; open           ; open             ; open   ; 0 in             ; 0 H/in                 ; 0 F/in                 ; short        ; open          ; open            ; open  ; 0 V                 ; -                  ; n/a           ; n/a             ; n/a         ;
; MEM_OUT[6]    ; 2.5 V        ; 0 in              ; 0 H/in                  ; 0 F/in                  ; short         ; -                   ; open           ; open             ; open   ; 0 in             ; 0 H/in                 ; 0 F/in                 ; short        ; open          ; open            ; open  ; 0 V                 ; -                  ; n/a           ; n/a             ; n/a         ;
; MEM_OUT[5]    ; 2.5 V        ; 0 in              ; 0 H/in                  ; 0 F/in                  ; short         ; -                   ; open           ; open             ; open   ; 0 in             ; 0 H/in                 ; 0 F/in                 ; short        ; open          ; open            ; open  ; 0 V                 ; -                  ; n/a           ; n/a             ; n/a         ;
; MEM_OUT[4]    ; 2.5 V        ; 0 in              ; 0 H/in                  ; 0 F/in                  ; short         ; -                   ; open           ; open             ; open   ; 0 in             ; 0 H/in                 ; 0 F/in                 ; short        ; open          ; open            ; open  ; 0 V                 ; -                  ; n/a           ; n/a             ; n/a         ;
; MEM_OUT[3]    ; 2.5 V        ; 0 in              ; 0 H/in                  ; 0 F/in                  ; short         ; -                   ; open           ; open             ; open   ; 0 in             ; 0 H/in                 ; 0 F/in                 ; short        ; open          ; open            ; open  ; 0 V                 ; -                  ; n/a           ; n/a             ; n/a         ;
; MEM_OUT[2]    ; 2.5 V        ; 0 in              ; 0 H/in                  ; 0 F/in                  ; short         ; -                   ; open           ; open             ; open   ; 0 in             ; 0 H/in                 ; 0 F/in                 ; short        ; open          ; open            ; open  ; 0 V                 ; -                  ; n/a           ; n/a             ; n/a         ;
; MEM_OUT[1]    ; 2.5 V        ; 0 in              ; 0 H/in                  ; 0 F/in                  ; short         ; -                   ; open           ; open             ; open   ; 0 in             ; 0 H/in                 ; 0 F/in                 ; short        ; open          ; open            ; open  ; 0 V                 ; -                  ; n/a           ; n/a             ; n/a         ;
; MEM_OUT[0]    ; 2.5 V        ; 0 in              ; 0 H/in                  ; 0 F/in                  ; short         ; -                   ; open           ; open             ; open   ; 0 in             ; 0 H/in                 ; 0 F/in                 ; short        ; open          ; open            ; open  ; 0 V                 ; -                  ; n/a           ; n/a             ; n/a         ;
; HEX0[6]       ; 2.5 V        ; 0 in              ; 0 H/in                  ; 0 F/in                  ; short         ; -                   ; open           ; open             ; open   ; 0 in             ; 0 H/in                 ; 0 F/in                 ; short        ; open          ; open            ; open  ; 0 V                 ; -                  ; n/a           ; n/a             ; n/a         ;
; HEX0[5]       ; 2.5 V        ; 0 in              ; 0 H/in                  ; 0 F/in                  ; short         ; -                   ; open           ; open             ; open   ; 0 in             ; 0 H/in                 ; 0 F/in                 ; short        ; open          ; open            ; open  ; 0 V                 ; -                  ; n/a           ; n/a             ; n/a         ;
; HEX0[4]       ; 2.5 V        ; 0 in              ; 0 H/in                  ; 0 F/in                  ; short         ; -                   ; open           ; open             ; open   ; 0 in             ; 0 H/in                 ; 0 F/in                 ; short        ; open          ; open            ; open  ; 0 V                 ; -                  ; n/a           ; n/a             ; n/a         ;
; HEX0[3]       ; 2.5 V        ; 0 in              ; 0 H/in                  ; 0 F/in                  ; short         ; -                   ; open           ; open             ; open   ; 0 in             ; 0 H/in                 ; 0 F/in                 ; short        ; open          ; open            ; open  ; 0 V                 ; -                  ; n/a           ; n/a             ; n/a         ;
; HEX0[2]       ; 2.5 V        ; 0 in              ; 0 H/in                  ; 0 F/in                  ; short         ; -                   ; open           ; open             ; open   ; 0 in             ; 0 H/in                 ; 0 F/in                 ; short        ; open          ; open            ; open  ; 0 V                 ; -                  ; n/a           ; n/a             ; n/a         ;
; HEX0[1]       ; 2.5 V        ; 0 in              ; 0 H/in                  ; 0 F/in                  ; short         ; -                   ; open           ; open             ; open   ; 0 in             ; 0 H/in                 ; 0 F/in                 ; short        ; open          ; open            ; open  ; 0 V                 ; -                  ; n/a           ; n/a             ; n/a         ;
; HEX0[0]       ; 2.5 V        ; 0 in              ; 0 H/in                  ; 0 F/in                  ; short         ; -                   ; open           ; open             ; open   ; 0 in             ; 0 H/in                 ; 0 F/in                 ; short        ; open          ; open            ; open  ; 0 V                 ; -                  ; n/a           ; n/a             ; n/a         ;
; ~ALTERA_DCLK~ ; 2.5 V        ; 0 in              ; 0 H/in                  ; 0 F/in                  ; short         ; -                   ; open           ; open             ; open   ; 0 in             ; 0 H/in                 ; 0 F/in                 ; short        ; open          ; open            ; open  ; 0 V                 ; -                  ; n/a           ; n/a             ; n/a         ;
; ~ALTERA_nCEO~ ; 2.5 V        ; 0 in              ; 0 H/in                  ; 0 F/in                  ; short         ; -                   ; open           ; open             ; open   ; 0 in             ; 0 H/in                 ; 0 F/in                 ; short        ; open          ; open            ; open  ; 0 V                 ; -                  ; n/a           ; n/a             ; n/a         ;
+---------------+--------------+-------------------+-------------------------+-------------------------+---------------+---------------------+----------------+------------------+--------+------------------+------------------------+------------------------+--------------+---------------+-----------------+-------+---------------------+--------------------+---------------+-----------------+-------------+


+----------------------------------------------------------------------------+
; Input Transition Times                                                     ;
+-------------------------+--------------+-----------------+-----------------+
; Pin                     ; I/O Standard ; 10-90 Rise Time ; 90-10 Fall Time ;
+-------------------------+--------------+-----------------+-----------------+
; CLK                     ; 2.5 V        ; 2000 ps         ; 2000 ps         ;
; RST                     ; 2.5 V        ; 2000 ps         ; 2000 ps         ;
; ~ALTERA_ASDO_DATA1~     ; 2.5 V        ; 2000 ps         ; 2000 ps         ;
; ~ALTERA_FLASH_nCE_nCSO~ ; 2.5 V        ; 2000 ps         ; 2000 ps         ;
; ~ALTERA_DATA0~          ; 2.5 V        ; 2000 ps         ; 2000 ps         ;
+-------------------------+--------------+-----------------+-----------------+


+--------------------------------------------------------------------------------------------------------------------------------------------------------------------------------------------------------------------------------------------------------------------------------------------------------------------------------------------------------------------------------------------------------------------------------------------------------------------------------------------------------------------------------------------------------------------------------------------------------------------------------------------------------------------------------------------+
; Signal Integrity Metrics (Slow 1200mv 0c Model)                                                                                                                                                                                                                                                                                                                                                                                                                                                                                                                                                                                                                                            ;
+---------------+--------------+---------------------+---------------------+------------------------------+------------------------------+---------------------+---------------------+--------------------------------------+--------------------------------------+-----------------------------+-----------------------------+----------------------------+----------------------------+-----------------------------+-----------------------------+--------------------+--------------------+-------------------------------------+-------------------------------------+----------------------------+----------------------------+---------------------------+---------------------------+
; Pin           ; I/O Standard ; Board Delay on Rise ; Board Delay on Fall ; Steady State Voh at FPGA Pin ; Steady State Vol at FPGA Pin ; Voh Max at FPGA Pin ; Vol Min at FPGA Pin ; Ringback Voltage on Rise at FPGA Pin ; Ringback Voltage on Fall at FPGA Pin ; 10-90 Rise Time at FPGA Pin ; 90-10 Fall Time at FPGA Pin ; Monotonic Rise at FPGA Pin ; Monotonic Fall at FPGA Pin ; Steady State Voh at Far-end ; Steady State Vol at Far-end ; Voh Max at Far-end ; Vol Min at Far-end ; Ringback Voltage on Rise at Far-end ; Ringback Voltage on Fall at Far-end ; 10-90 Rise Time at Far-end ; 90-10 Fall Time at Far-end ; Monotonic Rise at Far-end ; Monotonic Fall at Far-end ;
+---------------+--------------+---------------------+---------------------+------------------------------+------------------------------+---------------------+---------------------+--------------------------------------+--------------------------------------+-----------------------------+-----------------------------+----------------------------+----------------------------+-----------------------------+-----------------------------+--------------------+--------------------+-------------------------------------+-------------------------------------+----------------------------+----------------------------+---------------------------+---------------------------+
; cpu_out[7]    ; 2.5 V        ; 0 s                 ; 0 s                 ; 2.32 V                       ; 4.49e-09 V                   ; 2.38 V              ; -0.00552 V          ; 0.096 V                              ; 0.019 V                              ; 4.18e-10 s                  ; 3.59e-10 s                  ; No                         ; Yes                        ; 2.32 V                      ; 4.49e-09 V                  ; 2.38 V             ; -0.00552 V         ; 0.096 V                             ; 0.019 V                             ; 4.18e-10 s                 ; 3.59e-10 s                 ; No                        ; Yes                       ;
; cpu_out[6]    ; 2.5 V        ; 0 s                 ; 0 s                 ; 2.32 V                       ; 4.49e-09 V                   ; 2.38 V              ; -0.00552 V          ; 0.096 V                              ; 0.019 V                              ; 4.18e-10 s                  ; 3.59e-10 s                  ; No                         ; Yes                        ; 2.32 V                      ; 4.49e-09 V                  ; 2.38 V             ; -0.00552 V         ; 0.096 V                             ; 0.019 V                             ; 4.18e-10 s                 ; 3.59e-10 s                 ; No                        ; Yes                       ;
; cpu_out[5]    ; 2.5 V        ; 0 s                 ; 0 s                 ; 2.32 V                       ; 4.49e-09 V                   ; 2.38 V              ; -0.00552 V          ; 0.096 V                              ; 0.019 V                              ; 4.18e-10 s                  ; 3.59e-10 s                  ; No                         ; Yes                        ; 2.32 V                      ; 4.49e-09 V                  ; 2.38 V             ; -0.00552 V         ; 0.096 V                             ; 0.019 V                             ; 4.18e-10 s                 ; 3.59e-10 s                 ; No                        ; Yes                       ;
; cpu_out[4]    ; 2.5 V        ; 0 s                 ; 0 s                 ; 2.32 V                       ; 4.49e-09 V                   ; 2.38 V              ; -0.00552 V          ; 0.096 V                              ; 0.019 V                              ; 4.18e-10 s                  ; 3.59e-10 s                  ; No                         ; Yes                        ; 2.32 V                      ; 4.49e-09 V                  ; 2.38 V             ; -0.00552 V         ; 0.096 V                             ; 0.019 V                             ; 4.18e-10 s                 ; 3.59e-10 s                 ; No                        ; Yes                       ;
; cpu_out[3]    ; 2.5 V        ; 0 s                 ; 0 s                 ; 2.32 V                       ; 4.49e-09 V                   ; 2.38 V              ; -0.00552 V          ; 0.096 V                              ; 0.019 V                              ; 4.18e-10 s                  ; 3.59e-10 s                  ; No                         ; Yes                        ; 2.32 V                      ; 4.49e-09 V                  ; 2.38 V             ; -0.00552 V         ; 0.096 V                             ; 0.019 V                             ; 4.18e-10 s                 ; 3.59e-10 s                 ; No                        ; Yes                       ;
; cpu_out[2]    ; 2.5 V        ; 0 s                 ; 0 s                 ; 2.32 V                       ; 4.49e-09 V                   ; 2.38 V              ; -0.00552 V          ; 0.096 V                              ; 0.019 V                              ; 4.18e-10 s                  ; 3.59e-10 s                  ; No                         ; Yes                        ; 2.32 V                      ; 4.49e-09 V                  ; 2.38 V             ; -0.00552 V         ; 0.096 V                             ; 0.019 V                             ; 4.18e-10 s                 ; 3.59e-10 s                 ; No                        ; Yes                       ;
; cpu_out[1]    ; 2.5 V        ; 0 s                 ; 0 s                 ; 2.32 V                       ; 4.49e-09 V                   ; 2.38 V              ; -0.00552 V          ; 0.096 V                              ; 0.019 V                              ; 4.18e-10 s                  ; 3.59e-10 s                  ; No                         ; Yes                        ; 2.32 V                      ; 4.49e-09 V                  ; 2.38 V             ; -0.00552 V         ; 0.096 V                             ; 0.019 V                             ; 4.18e-10 s                 ; 3.59e-10 s                 ; No                        ; Yes                       ;
; cpu_out[0]    ; 2.5 V        ; 0 s                 ; 0 s                 ; 2.32 V                       ; 4.49e-09 V                   ; 2.38 V              ; -0.00552 V          ; 0.096 V                              ; 0.019 V                              ; 4.18e-10 s                  ; 3.59e-10 s                  ; No                         ; Yes                        ; 2.32 V                      ; 4.49e-09 V                  ; 2.38 V             ; -0.00552 V         ; 0.096 V                             ; 0.019 V                             ; 4.18e-10 s                 ; 3.59e-10 s                 ; No                        ; Yes                       ;
; MEM_OUT[9]    ; 2.5 V        ; 0 s                 ; 0 s                 ; 2.32 V                       ; 4.49e-09 V                   ; 2.38 V              ; -0.00552 V          ; 0.096 V                              ; 0.019 V                              ; 4.18e-10 s                  ; 3.59e-10 s                  ; No                         ; Yes                        ; 2.32 V                      ; 4.49e-09 V                  ; 2.38 V             ; -0.00552 V         ; 0.096 V                             ; 0.019 V                             ; 4.18e-10 s                 ; 3.59e-10 s                 ; No                        ; Yes                       ;
; MEM_OUT[8]    ; 2.5 V        ; 0 s                 ; 0 s                 ; 2.32 V                       ; 4.49e-09 V                   ; 2.38 V              ; -0.00552 V          ; 0.096 V                              ; 0.019 V                              ; 4.18e-10 s                  ; 3.59e-10 s                  ; No                         ; Yes                        ; 2.32 V                      ; 4.49e-09 V                  ; 2.38 V             ; -0.00552 V         ; 0.096 V                             ; 0.019 V                             ; 4.18e-10 s                 ; 3.59e-10 s                 ; No                        ; Yes                       ;
; MEM_OUT[7]    ; 2.5 V        ; 0 s                 ; 0 s                 ; 2.32 V                       ; 4.49e-09 V                   ; 2.38 V              ; -0.00552 V          ; 0.096 V                              ; 0.019 V                              ; 4.18e-10 s                  ; 3.59e-10 s                  ; No                         ; Yes                        ; 2.32 V                      ; 4.49e-09 V                  ; 2.38 V             ; -0.00552 V         ; 0.096 V                             ; 0.019 V                             ; 4.18e-10 s                 ; 3.59e-10 s                 ; No                        ; Yes                       ;
; MEM_OUT[6]    ; 2.5 V        ; 0 s                 ; 0 s                 ; 2.32 V                       ; 4.49e-09 V                   ; 2.38 V              ; -0.00552 V          ; 0.096 V                              ; 0.019 V                              ; 4.18e-10 s                  ; 3.59e-10 s                  ; No                         ; Yes                        ; 2.32 V                      ; 4.49e-09 V                  ; 2.38 V             ; -0.00552 V         ; 0.096 V                             ; 0.019 V                             ; 4.18e-10 s                 ; 3.59e-10 s                 ; No                        ; Yes                       ;
; MEM_OUT[5]    ; 2.5 V        ; 0 s                 ; 0 s                 ; 2.32 V                       ; 4.49e-09 V                   ; 2.38 V              ; -0.00552 V          ; 0.096 V                              ; 0.019 V                              ; 4.18e-10 s                  ; 3.59e-10 s                  ; No                         ; Yes                        ; 2.32 V                      ; 4.49e-09 V                  ; 2.38 V             ; -0.00552 V         ; 0.096 V                             ; 0.019 V                             ; 4.18e-10 s                 ; 3.59e-10 s                 ; No                        ; Yes                       ;
; MEM_OUT[4]    ; 2.5 V        ; 0 s                 ; 0 s                 ; 2.32 V                       ; 4.49e-09 V                   ; 2.38 V              ; -0.00552 V          ; 0.096 V                              ; 0.019 V                              ; 4.18e-10 s                  ; 3.59e-10 s                  ; No                         ; Yes                        ; 2.32 V                      ; 4.49e-09 V                  ; 2.38 V             ; -0.00552 V         ; 0.096 V                             ; 0.019 V                             ; 4.18e-10 s                 ; 3.59e-10 s                 ; No                        ; Yes                       ;
; MEM_OUT[3]    ; 2.5 V        ; 0 s                 ; 0 s                 ; 2.32 V                       ; 4.49e-09 V                   ; 2.38 V              ; -0.00552 V          ; 0.096 V                              ; 0.019 V                              ; 4.18e-10 s                  ; 3.59e-10 s                  ; No                         ; Yes                        ; 2.32 V                      ; 4.49e-09 V                  ; 2.38 V             ; -0.00552 V         ; 0.096 V                             ; 0.019 V                             ; 4.18e-10 s                 ; 3.59e-10 s                 ; No                        ; Yes                       ;
; MEM_OUT[2]    ; 2.5 V        ; 0 s                 ; 0 s                 ; 2.32 V                       ; 4.49e-09 V                   ; 2.38 V              ; -0.00552 V          ; 0.096 V                              ; 0.019 V                              ; 4.18e-10 s                  ; 3.59e-10 s                  ; No                         ; Yes                        ; 2.32 V                      ; 4.49e-09 V                  ; 2.38 V             ; -0.00552 V         ; 0.096 V                             ; 0.019 V                             ; 4.18e-10 s                 ; 3.59e-10 s                 ; No                        ; Yes                       ;
; MEM_OUT[1]    ; 2.5 V        ; 0 s                 ; 0 s                 ; 2.32 V                       ; 4.49e-09 V                   ; 2.38 V              ; -0.00552 V          ; 0.096 V                              ; 0.019 V                              ; 4.18e-10 s                  ; 3.59e-10 s                  ; No                         ; Yes                        ; 2.32 V                      ; 4.49e-09 V                  ; 2.38 V             ; -0.00552 V         ; 0.096 V                             ; 0.019 V                             ; 4.18e-10 s                 ; 3.59e-10 s                 ; No                        ; Yes                       ;
; MEM_OUT[0]    ; 2.5 V        ; 0 s                 ; 0 s                 ; 2.32 V                       ; 4.49e-09 V                   ; 2.38 V              ; -0.00552 V          ; 0.096 V                              ; 0.019 V                              ; 4.18e-10 s                  ; 3.59e-10 s                  ; No                         ; Yes                        ; 2.32 V                      ; 4.49e-09 V                  ; 2.38 V             ; -0.00552 V         ; 0.096 V                             ; 0.019 V                             ; 4.18e-10 s                 ; 3.59e-10 s                 ; No                        ; Yes                       ;
; HEX0[6]       ; 2.5 V        ; 0 s                 ; 0 s                 ; 2.32 V                       ; 3.07e-09 V                   ; 2.38 V              ; -0.0144 V           ; 0.227 V                              ; 0.024 V                              ; 3.14e-10 s                  ; 3.39e-10 s                  ; Yes                        ; Yes                        ; 2.32 V                      ; 3.07e-09 V                  ; 2.38 V             ; -0.0144 V          ; 0.227 V                             ; 0.024 V                             ; 3.14e-10 s                 ; 3.39e-10 s                 ; Yes                       ; Yes                       ;
; HEX0[5]       ; 2.5 V        ; 0 s                 ; 0 s                 ; 2.32 V                       ; 3.07e-09 V                   ; 2.33 V              ; -0.00496 V          ; 0.223 V                              ; 0.086 V                              ; 2.9e-09 s                   ; 2.73e-09 s                  ; Yes                        ; Yes                        ; 2.32 V                      ; 3.07e-09 V                  ; 2.33 V             ; -0.00496 V         ; 0.223 V                             ; 0.086 V                             ; 2.9e-09 s                  ; 2.73e-09 s                 ; Yes                       ; Yes                       ;
; HEX0[4]       ; 2.5 V        ; 0 s                 ; 0 s                 ; 2.32 V                       ; 3.07e-09 V                   ; 2.38 V              ; -0.0144 V           ; 0.227 V                              ; 0.024 V                              ; 3.14e-10 s                  ; 3.39e-10 s                  ; Yes                        ; Yes                        ; 2.32 V                      ; 3.07e-09 V                  ; 2.38 V             ; -0.0144 V          ; 0.227 V                             ; 0.024 V                             ; 3.14e-10 s                 ; 3.39e-10 s                 ; Yes                       ; Yes                       ;
; HEX0[3]       ; 2.5 V        ; 0 s                 ; 0 s                 ; 2.32 V                       ; 3.07e-09 V                   ; 2.38 V              ; -0.0144 V           ; 0.227 V                              ; 0.024 V                              ; 3.14e-10 s                  ; 3.39e-10 s                  ; Yes                        ; Yes                        ; 2.32 V                      ; 3.07e-09 V                  ; 2.38 V             ; -0.0144 V          ; 0.227 V                             ; 0.024 V                             ; 3.14e-10 s                 ; 3.39e-10 s                 ; Yes                       ; Yes                       ;
; HEX0[2]       ; 2.5 V        ; 0 s                 ; 0 s                 ; 2.32 V                       ; 4.49e-09 V                   ; 2.38 V              ; -0.00552 V          ; 0.096 V                              ; 0.019 V                              ; 4.18e-10 s                  ; 3.59e-10 s                  ; No                         ; Yes                        ; 2.32 V                      ; 4.49e-09 V                  ; 2.38 V             ; -0.00552 V         ; 0.096 V                             ; 0.019 V                             ; 4.18e-10 s                 ; 3.59e-10 s                 ; No                        ; Yes                       ;
; HEX0[1]       ; 2.5 V        ; 0 s                 ; 0 s                 ; 2.32 V                       ; 4.49e-09 V                   ; 2.33 V              ; -0.00467 V          ; 0.226 V                              ; 0.087 V                              ; 2.91e-09 s                  ; 2.74e-09 s                  ; Yes                        ; Yes                        ; 2.32 V                      ; 4.49e-09 V                  ; 2.33 V             ; -0.00467 V         ; 0.226 V                             ; 0.087 V                             ; 2.91e-09 s                 ; 2.74e-09 s                 ; Yes                       ; Yes                       ;
; HEX0[0]       ; 2.5 V        ; 0 s                 ; 0 s                 ; 2.32 V                       ; 4.49e-09 V                   ; 2.38 V              ; -0.00552 V          ; 0.096 V                              ; 0.019 V                              ; 4.18e-10 s                  ; 3.59e-10 s                  ; No                         ; Yes                        ; 2.32 V                      ; 4.49e-09 V                  ; 2.38 V             ; -0.00552 V         ; 0.096 V                             ; 0.019 V                             ; 4.18e-10 s                 ; 3.59e-10 s                 ; No                        ; Yes                       ;
; ~ALTERA_DCLK~ ; 2.5 V        ; 0 s                 ; 0 s                 ; 2.32 V                       ; 2.67e-09 V                   ; 2.38 V              ; -0.0485 V           ; 0.167 V                              ; 0.096 V                              ; 2.95e-10 s                  ; 2.73e-10 s                  ; Yes                        ; Yes                        ; 2.32 V                      ; 2.67e-09 V                  ; 2.38 V             ; -0.0485 V          ; 0.167 V                             ; 0.096 V                             ; 2.95e-10 s                 ; 2.73e-10 s                 ; Yes                       ; Yes                       ;
; ~ALTERA_nCEO~ ; 2.5 V        ; 0 s                 ; 0 s                 ; 2.32 V                       ; 4.18e-09 V                   ; 2.38 V              ; -0.00483 V          ; 0.152 V                              ; 0.012 V                              ; 4.81e-10 s                  ; 6.29e-10 s                  ; Yes                        ; Yes                        ; 2.32 V                      ; 4.18e-09 V                  ; 2.38 V             ; -0.00483 V         ; 0.152 V                             ; 0.012 V                             ; 4.81e-10 s                 ; 6.29e-10 s                 ; Yes                       ; Yes                       ;
+---------------+--------------+---------------------+---------------------+------------------------------+------------------------------+---------------------+---------------------+--------------------------------------+--------------------------------------+-----------------------------+-----------------------------+----------------------------+----------------------------+-----------------------------+-----------------------------+--------------------+--------------------+-------------------------------------+-------------------------------------+----------------------------+----------------------------+---------------------------+---------------------------+


+--------------------------------------------------------------------------------------------------------------------------------------------------------------------------------------------------------------------------------------------------------------------------------------------------------------------------------------------------------------------------------------------------------------------------------------------------------------------------------------------------------------------------------------------------------------------------------------------------------------------------------------------------------------------------------------------+
; Signal Integrity Metrics (Slow 1200mv 85c Model)                                                                                                                                                                                                                                                                                                                                                                                                                                                                                                                                                                                                                                           ;
+---------------+--------------+---------------------+---------------------+------------------------------+------------------------------+---------------------+---------------------+--------------------------------------+--------------------------------------+-----------------------------+-----------------------------+----------------------------+----------------------------+-----------------------------+-----------------------------+--------------------+--------------------+-------------------------------------+-------------------------------------+----------------------------+----------------------------+---------------------------+---------------------------+
; Pin           ; I/O Standard ; Board Delay on Rise ; Board Delay on Fall ; Steady State Voh at FPGA Pin ; Steady State Vol at FPGA Pin ; Voh Max at FPGA Pin ; Vol Min at FPGA Pin ; Ringback Voltage on Rise at FPGA Pin ; Ringback Voltage on Fall at FPGA Pin ; 10-90 Rise Time at FPGA Pin ; 90-10 Fall Time at FPGA Pin ; Monotonic Rise at FPGA Pin ; Monotonic Fall at FPGA Pin ; Steady State Voh at Far-end ; Steady State Vol at Far-end ; Voh Max at Far-end ; Vol Min at Far-end ; Ringback Voltage on Rise at Far-end ; Ringback Voltage on Fall at Far-end ; 10-90 Rise Time at Far-end ; 90-10 Fall Time at Far-end ; Monotonic Rise at Far-end ; Monotonic Fall at Far-end ;
+---------------+--------------+---------------------+---------------------+------------------------------+------------------------------+---------------------+---------------------+--------------------------------------+--------------------------------------+-----------------------------+-----------------------------+----------------------------+----------------------------+-----------------------------+-----------------------------+--------------------+--------------------+-------------------------------------+-------------------------------------+----------------------------+----------------------------+---------------------------+---------------------------+
; cpu_out[7]    ; 2.5 V        ; 0 s                 ; 0 s                 ; 2.32 V                       ; 6.92e-07 V                   ; 2.35 V              ; -0.00996 V          ; 0.121 V                              ; 0.03 V                               ; 4.64e-10 s                  ; 4.47e-10 s                  ; Yes                        ; Yes                        ; 2.32 V                      ; 6.92e-07 V                  ; 2.35 V             ; -0.00996 V         ; 0.121 V                             ; 0.03 V                              ; 4.64e-10 s                 ; 4.47e-10 s                 ; Yes                       ; Yes                       ;
; cpu_out[6]    ; 2.5 V        ; 0 s                 ; 0 s                 ; 2.32 V                       ; 6.92e-07 V                   ; 2.35 V              ; -0.00996 V          ; 0.121 V                              ; 0.03 V                               ; 4.64e-10 s                  ; 4.47e-10 s                  ; Yes                        ; Yes                        ; 2.32 V                      ; 6.92e-07 V                  ; 2.35 V             ; -0.00996 V         ; 0.121 V                             ; 0.03 V                              ; 4.64e-10 s                 ; 4.47e-10 s                 ; Yes                       ; Yes                       ;
; cpu_out[5]    ; 2.5 V        ; 0 s                 ; 0 s                 ; 2.32 V                       ; 6.92e-07 V                   ; 2.35 V              ; -0.00996 V          ; 0.121 V                              ; 0.03 V                               ; 4.64e-10 s                  ; 4.47e-10 s                  ; Yes                        ; Yes                        ; 2.32 V                      ; 6.92e-07 V                  ; 2.35 V             ; -0.00996 V         ; 0.121 V                             ; 0.03 V                              ; 4.64e-10 s                 ; 4.47e-10 s                 ; Yes                       ; Yes                       ;
; cpu_out[4]    ; 2.5 V        ; 0 s                 ; 0 s                 ; 2.32 V                       ; 6.92e-07 V                   ; 2.35 V              ; -0.00996 V          ; 0.121 V                              ; 0.03 V                               ; 4.64e-10 s                  ; 4.47e-10 s                  ; Yes                        ; Yes                        ; 2.32 V                      ; 6.92e-07 V                  ; 2.35 V             ; -0.00996 V         ; 0.121 V                             ; 0.03 V                              ; 4.64e-10 s                 ; 4.47e-10 s                 ; Yes                       ; Yes                       ;
; cpu_out[3]    ; 2.5 V        ; 0 s                 ; 0 s                 ; 2.32 V                       ; 6.92e-07 V                   ; 2.35 V              ; -0.00996 V          ; 0.121 V                              ; 0.03 V                               ; 4.64e-10 s                  ; 4.47e-10 s                  ; Yes                        ; Yes                        ; 2.32 V                      ; 6.92e-07 V                  ; 2.35 V             ; -0.00996 V         ; 0.121 V                             ; 0.03 V                              ; 4.64e-10 s                 ; 4.47e-10 s                 ; Yes                       ; Yes                       ;
; cpu_out[2]    ; 2.5 V        ; 0 s                 ; 0 s                 ; 2.32 V                       ; 6.92e-07 V                   ; 2.35 V              ; -0.00996 V          ; 0.121 V                              ; 0.03 V                               ; 4.64e-10 s                  ; 4.47e-10 s                  ; Yes                        ; Yes                        ; 2.32 V                      ; 6.92e-07 V                  ; 2.35 V             ; -0.00996 V         ; 0.121 V                             ; 0.03 V                              ; 4.64e-10 s                 ; 4.47e-10 s                 ; Yes                       ; Yes                       ;
; cpu_out[1]    ; 2.5 V        ; 0 s                 ; 0 s                 ; 2.32 V                       ; 6.92e-07 V                   ; 2.35 V              ; -0.00996 V          ; 0.121 V                              ; 0.03 V                               ; 4.64e-10 s                  ; 4.47e-10 s                  ; Yes                        ; Yes                        ; 2.32 V                      ; 6.92e-07 V                  ; 2.35 V             ; -0.00996 V         ; 0.121 V                             ; 0.03 V                              ; 4.64e-10 s                 ; 4.47e-10 s                 ; Yes                       ; Yes                       ;
; cpu_out[0]    ; 2.5 V        ; 0 s                 ; 0 s                 ; 2.32 V                       ; 6.92e-07 V                   ; 2.35 V              ; -0.00996 V          ; 0.121 V                              ; 0.03 V                               ; 4.64e-10 s                  ; 4.47e-10 s                  ; Yes                        ; Yes                        ; 2.32 V                      ; 6.92e-07 V                  ; 2.35 V             ; -0.00996 V         ; 0.121 V                             ; 0.03 V                              ; 4.64e-10 s                 ; 4.47e-10 s                 ; Yes                       ; Yes                       ;
; MEM_OUT[9]    ; 2.5 V        ; 0 s                 ; 0 s                 ; 2.32 V                       ; 6.92e-07 V                   ; 2.35 V              ; -0.00996 V          ; 0.121 V                              ; 0.03 V                               ; 4.64e-10 s                  ; 4.47e-10 s                  ; Yes                        ; Yes                        ; 2.32 V                      ; 6.92e-07 V                  ; 2.35 V             ; -0.00996 V         ; 0.121 V                             ; 0.03 V                              ; 4.64e-10 s                 ; 4.47e-10 s                 ; Yes                       ; Yes                       ;
; MEM_OUT[8]    ; 2.5 V        ; 0 s                 ; 0 s                 ; 2.32 V                       ; 6.92e-07 V                   ; 2.35 V              ; -0.00996 V          ; 0.121 V                              ; 0.03 V                               ; 4.64e-10 s                  ; 4.47e-10 s                  ; Yes                        ; Yes                        ; 2.32 V                      ; 6.92e-07 V                  ; 2.35 V             ; -0.00996 V         ; 0.121 V                             ; 0.03 V                              ; 4.64e-10 s                 ; 4.47e-10 s                 ; Yes                       ; Yes                       ;
; MEM_OUT[7]    ; 2.5 V        ; 0 s                 ; 0 s                 ; 2.32 V                       ; 6.92e-07 V                   ; 2.35 V              ; -0.00996 V          ; 0.121 V                              ; 0.03 V                               ; 4.64e-10 s                  ; 4.47e-10 s                  ; Yes                        ; Yes                        ; 2.32 V                      ; 6.92e-07 V                  ; 2.35 V             ; -0.00996 V         ; 0.121 V                             ; 0.03 V                              ; 4.64e-10 s                 ; 4.47e-10 s                 ; Yes                       ; Yes                       ;
; MEM_OUT[6]    ; 2.5 V        ; 0 s                 ; 0 s                 ; 2.32 V                       ; 6.92e-07 V                   ; 2.35 V              ; -0.00996 V          ; 0.121 V                              ; 0.03 V                               ; 4.64e-10 s                  ; 4.47e-10 s                  ; Yes                        ; Yes                        ; 2.32 V                      ; 6.92e-07 V                  ; 2.35 V             ; -0.00996 V         ; 0.121 V                             ; 0.03 V                              ; 4.64e-10 s                 ; 4.47e-10 s                 ; Yes                       ; Yes                       ;
; MEM_OUT[5]    ; 2.5 V        ; 0 s                 ; 0 s                 ; 2.32 V                       ; 6.92e-07 V                   ; 2.35 V              ; -0.00996 V          ; 0.121 V                              ; 0.03 V                               ; 4.64e-10 s                  ; 4.47e-10 s                  ; Yes                        ; Yes                        ; 2.32 V                      ; 6.92e-07 V                  ; 2.35 V             ; -0.00996 V         ; 0.121 V                             ; 0.03 V                              ; 4.64e-10 s                 ; 4.47e-10 s                 ; Yes                       ; Yes                       ;
; MEM_OUT[4]    ; 2.5 V        ; 0 s                 ; 0 s                 ; 2.32 V                       ; 6.92e-07 V                   ; 2.35 V              ; -0.00996 V          ; 0.121 V                              ; 0.03 V                               ; 4.64e-10 s                  ; 4.47e-10 s                  ; Yes                        ; Yes                        ; 2.32 V                      ; 6.92e-07 V                  ; 2.35 V             ; -0.00996 V         ; 0.121 V                             ; 0.03 V                              ; 4.64e-10 s                 ; 4.47e-10 s                 ; Yes                       ; Yes                       ;
; MEM_OUT[3]    ; 2.5 V        ; 0 s                 ; 0 s                 ; 2.32 V                       ; 6.92e-07 V                   ; 2.35 V              ; -0.00996 V          ; 0.121 V                              ; 0.03 V                               ; 4.64e-10 s                  ; 4.47e-10 s                  ; Yes                        ; Yes                        ; 2.32 V                      ; 6.92e-07 V                  ; 2.35 V             ; -0.00996 V         ; 0.121 V                             ; 0.03 V                              ; 4.64e-10 s                 ; 4.47e-10 s                 ; Yes                       ; Yes                       ;
; MEM_OUT[2]    ; 2.5 V        ; 0 s                 ; 0 s                 ; 2.32 V                       ; 6.92e-07 V                   ; 2.35 V              ; -0.00996 V          ; 0.121 V                              ; 0.03 V                               ; 4.64e-10 s                  ; 4.47e-10 s                  ; Yes                        ; Yes                        ; 2.32 V                      ; 6.92e-07 V                  ; 2.35 V             ; -0.00996 V         ; 0.121 V                             ; 0.03 V                              ; 4.64e-10 s                 ; 4.47e-10 s                 ; Yes                       ; Yes                       ;
; MEM_OUT[1]    ; 2.5 V        ; 0 s                 ; 0 s                 ; 2.32 V                       ; 6.92e-07 V                   ; 2.35 V              ; -0.00996 V          ; 0.121 V                              ; 0.03 V                               ; 4.64e-10 s                  ; 4.47e-10 s                  ; Yes                        ; Yes                        ; 2.32 V                      ; 6.92e-07 V                  ; 2.35 V             ; -0.00996 V         ; 0.121 V                             ; 0.03 V                              ; 4.64e-10 s                 ; 4.47e-10 s                 ; Yes                       ; Yes                       ;
; MEM_OUT[0]    ; 2.5 V        ; 0 s                 ; 0 s                 ; 2.32 V                       ; 6.92e-07 V                   ; 2.35 V              ; -0.00996 V          ; 0.121 V                              ; 0.03 V                               ; 4.64e-10 s                  ; 4.47e-10 s                  ; Yes                        ; Yes                        ; 2.32 V                      ; 6.92e-07 V                  ; 2.35 V             ; -0.00996 V         ; 0.121 V                             ; 0.03 V                              ; 4.64e-10 s                 ; 4.47e-10 s                 ; Yes                       ; Yes                       ;
; HEX0[6]       ; 2.5 V        ; 0 s                 ; 0 s                 ; 2.32 V                       ; 4.67e-07 V                   ; 2.36 V              ; -0.00552 V          ; 0.11 V                               ; 0.007 V                              ; 4.54e-10 s                  ; 4.35e-10 s                  ; Yes                        ; Yes                        ; 2.32 V                      ; 4.67e-07 V                  ; 2.36 V             ; -0.00552 V         ; 0.11 V                              ; 0.007 V                             ; 4.54e-10 s                 ; 4.35e-10 s                 ; Yes                       ; Yes                       ;
; HEX0[5]       ; 2.5 V        ; 0 s                 ; 0 s                 ; 2.32 V                       ; 4.67e-07 V                   ; 2.33 V              ; -0.00269 V          ; 0.13 V                               ; 0.055 V                              ; 3.54e-09 s                  ; 3.29e-09 s                  ; Yes                        ; Yes                        ; 2.32 V                      ; 4.67e-07 V                  ; 2.33 V             ; -0.00269 V         ; 0.13 V                              ; 0.055 V                             ; 3.54e-09 s                 ; 3.29e-09 s                 ; Yes                       ; Yes                       ;
; HEX0[4]       ; 2.5 V        ; 0 s                 ; 0 s                 ; 2.32 V                       ; 4.67e-07 V                   ; 2.36 V              ; -0.00552 V          ; 0.11 V                               ; 0.007 V                              ; 4.54e-10 s                  ; 4.35e-10 s                  ; Yes                        ; Yes                        ; 2.32 V                      ; 4.67e-07 V                  ; 2.36 V             ; -0.00552 V         ; 0.11 V                              ; 0.007 V                             ; 4.54e-10 s                 ; 4.35e-10 s                 ; Yes                       ; Yes                       ;
; HEX0[3]       ; 2.5 V        ; 0 s                 ; 0 s                 ; 2.32 V                       ; 4.67e-07 V                   ; 2.36 V              ; -0.00552 V          ; 0.11 V                               ; 0.007 V                              ; 4.54e-10 s                  ; 4.35e-10 s                  ; Yes                        ; Yes                        ; 2.32 V                      ; 4.67e-07 V                  ; 2.36 V             ; -0.00552 V         ; 0.11 V                              ; 0.007 V                             ; 4.54e-10 s                 ; 4.35e-10 s                 ; Yes                       ; Yes                       ;
; HEX0[2]       ; 2.5 V        ; 0 s                 ; 0 s                 ; 2.32 V                       ; 6.92e-07 V                   ; 2.35 V              ; -0.00996 V          ; 0.121 V                              ; 0.03 V                               ; 4.64e-10 s                  ; 4.47e-10 s                  ; Yes                        ; Yes                        ; 2.32 V                      ; 6.92e-07 V                  ; 2.35 V             ; -0.00996 V         ; 0.121 V                             ; 0.03 V                              ; 4.64e-10 s                 ; 4.47e-10 s                 ; Yes                       ; Yes                       ;
; HEX0[1]       ; 2.5 V        ; 0 s                 ; 0 s                 ; 2.32 V                       ; 6.92e-07 V                   ; 2.33 V              ; -0.00265 V          ; 0.133 V                              ; 0.056 V                              ; 3.55e-09 s                  ; 3.31e-09 s                  ; Yes                        ; Yes                        ; 2.32 V                      ; 6.92e-07 V                  ; 2.33 V             ; -0.00265 V         ; 0.133 V                             ; 0.056 V                             ; 3.55e-09 s                 ; 3.31e-09 s                 ; Yes                       ; Yes                       ;
; HEX0[0]       ; 2.5 V        ; 0 s                 ; 0 s                 ; 2.32 V                       ; 6.92e-07 V                   ; 2.35 V              ; -0.00996 V          ; 0.121 V                              ; 0.03 V                               ; 4.64e-10 s                  ; 4.47e-10 s                  ; Yes                        ; Yes                        ; 2.32 V                      ; 6.92e-07 V                  ; 2.35 V             ; -0.00996 V         ; 0.121 V                             ; 0.03 V                              ; 4.64e-10 s                 ; 4.47e-10 s                 ; Yes                       ; Yes                       ;
; ~ALTERA_DCLK~ ; 2.5 V        ; 0 s                 ; 0 s                 ; 2.32 V                       ; 3.75e-07 V                   ; 2.35 V              ; -0.0109 V           ; 0.084 V                              ; 0.027 V                              ; 4.31e-10 s                  ; 3.61e-10 s                  ; Yes                        ; Yes                        ; 2.32 V                      ; 3.75e-07 V                  ; 2.35 V             ; -0.0109 V          ; 0.084 V                             ; 0.027 V                             ; 4.31e-10 s                 ; 3.61e-10 s                 ; Yes                       ; Yes                       ;
; ~ALTERA_nCEO~ ; 2.5 V        ; 0 s                 ; 0 s                 ; 2.32 V                       ; 6.15e-07 V                   ; 2.35 V              ; -0.00712 V          ; 0.093 V                              ; 0.02 V                               ; 6.21e-10 s                  ; 7.9e-10 s                   ; Yes                        ; Yes                        ; 2.32 V                      ; 6.15e-07 V                  ; 2.35 V             ; -0.00712 V         ; 0.093 V                             ; 0.02 V                              ; 6.21e-10 s                 ; 7.9e-10 s                  ; Yes                       ; Yes                       ;
+---------------+--------------+---------------------+---------------------+------------------------------+------------------------------+---------------------+---------------------+--------------------------------------+--------------------------------------+-----------------------------+-----------------------------+----------------------------+----------------------------+-----------------------------+-----------------------------+--------------------+--------------------+-------------------------------------+-------------------------------------+----------------------------+----------------------------+---------------------------+---------------------------+


+--------------------------------------------------------------------------------------------------------------------------------------------------------------------------------------------------------------------------------------------------------------------------------------------------------------------------------------------------------------------------------------------------------------------------------------------------------------------------------------------------------------------------------------------------------------------------------------------------------------------------------------------------------------------------------------------+
; Signal Integrity Metrics (Fast 1200mv 0c Model)                                                                                                                                                                                                                                                                                                                                                                                                                                                                                                                                                                                                                                            ;
+---------------+--------------+---------------------+---------------------+------------------------------+------------------------------+---------------------+---------------------+--------------------------------------+--------------------------------------+-----------------------------+-----------------------------+----------------------------+----------------------------+-----------------------------+-----------------------------+--------------------+--------------------+-------------------------------------+-------------------------------------+----------------------------+----------------------------+---------------------------+---------------------------+
; Pin           ; I/O Standard ; Board Delay on Rise ; Board Delay on Fall ; Steady State Voh at FPGA Pin ; Steady State Vol at FPGA Pin ; Voh Max at FPGA Pin ; Vol Min at FPGA Pin ; Ringback Voltage on Rise at FPGA Pin ; Ringback Voltage on Fall at FPGA Pin ; 10-90 Rise Time at FPGA Pin ; 90-10 Fall Time at FPGA Pin ; Monotonic Rise at FPGA Pin ; Monotonic Fall at FPGA Pin ; Steady State Voh at Far-end ; Steady State Vol at Far-end ; Voh Max at Far-end ; Vol Min at Far-end ; Ringback Voltage on Rise at Far-end ; Ringback Voltage on Fall at Far-end ; 10-90 Rise Time at Far-end ; 90-10 Fall Time at Far-end ; Monotonic Rise at Far-end ; Monotonic Fall at Far-end ;
+---------------+--------------+---------------------+---------------------+------------------------------+------------------------------+---------------------+---------------------+--------------------------------------+--------------------------------------+-----------------------------+-----------------------------+----------------------------+----------------------------+-----------------------------+-----------------------------+--------------------+--------------------+-------------------------------------+-------------------------------------+----------------------------+----------------------------+---------------------------+---------------------------+
; cpu_out[7]    ; 2.5 V        ; 0 s                 ; 0 s                 ; 2.62 V                       ; 4.05e-08 V                   ; 2.72 V              ; -0.0349 V           ; 0.173 V                              ; 0.1 V                                ; 2.72e-10 s                  ; 2.69e-10 s                  ; Yes                        ; Yes                        ; 2.62 V                      ; 4.05e-08 V                  ; 2.72 V             ; -0.0349 V          ; 0.173 V                             ; 0.1 V                               ; 2.72e-10 s                 ; 2.69e-10 s                 ; Yes                       ; Yes                       ;
; cpu_out[6]    ; 2.5 V        ; 0 s                 ; 0 s                 ; 2.62 V                       ; 4.05e-08 V                   ; 2.72 V              ; -0.0349 V           ; 0.173 V                              ; 0.1 V                                ; 2.72e-10 s                  ; 2.69e-10 s                  ; Yes                        ; Yes                        ; 2.62 V                      ; 4.05e-08 V                  ; 2.72 V             ; -0.0349 V          ; 0.173 V                             ; 0.1 V                               ; 2.72e-10 s                 ; 2.69e-10 s                 ; Yes                       ; Yes                       ;
; cpu_out[5]    ; 2.5 V        ; 0 s                 ; 0 s                 ; 2.62 V                       ; 4.05e-08 V                   ; 2.72 V              ; -0.0349 V           ; 0.173 V                              ; 0.1 V                                ; 2.72e-10 s                  ; 2.69e-10 s                  ; Yes                        ; Yes                        ; 2.62 V                      ; 4.05e-08 V                  ; 2.72 V             ; -0.0349 V          ; 0.173 V                             ; 0.1 V                               ; 2.72e-10 s                 ; 2.69e-10 s                 ; Yes                       ; Yes                       ;
; cpu_out[4]    ; 2.5 V        ; 0 s                 ; 0 s                 ; 2.62 V                       ; 4.05e-08 V                   ; 2.72 V              ; -0.0349 V           ; 0.173 V                              ; 0.1 V                                ; 2.72e-10 s                  ; 2.69e-10 s                  ; Yes                        ; Yes                        ; 2.62 V                      ; 4.05e-08 V                  ; 2.72 V             ; -0.0349 V          ; 0.173 V                             ; 0.1 V                               ; 2.72e-10 s                 ; 2.69e-10 s                 ; Yes                       ; Yes                       ;
; cpu_out[3]    ; 2.5 V        ; 0 s                 ; 0 s                 ; 2.62 V                       ; 4.05e-08 V                   ; 2.72 V              ; -0.0349 V           ; 0.173 V                              ; 0.1 V                                ; 2.72e-10 s                  ; 2.69e-10 s                  ; Yes                        ; Yes                        ; 2.62 V                      ; 4.05e-08 V                  ; 2.72 V             ; -0.0349 V          ; 0.173 V                             ; 0.1 V                               ; 2.72e-10 s                 ; 2.69e-10 s                 ; Yes                       ; Yes                       ;
; cpu_out[2]    ; 2.5 V        ; 0 s                 ; 0 s                 ; 2.62 V                       ; 4.05e-08 V                   ; 2.72 V              ; -0.0349 V           ; 0.173 V                              ; 0.1 V                                ; 2.72e-10 s                  ; 2.69e-10 s                  ; Yes                        ; Yes                        ; 2.62 V                      ; 4.05e-08 V                  ; 2.72 V             ; -0.0349 V          ; 0.173 V                             ; 0.1 V                               ; 2.72e-10 s                 ; 2.69e-10 s                 ; Yes                       ; Yes                       ;
; cpu_out[1]    ; 2.5 V        ; 0 s                 ; 0 s                 ; 2.62 V                       ; 4.05e-08 V                   ; 2.72 V              ; -0.0349 V           ; 0.173 V                              ; 0.1 V                                ; 2.72e-10 s                  ; 2.69e-10 s                  ; Yes                        ; Yes                        ; 2.62 V                      ; 4.05e-08 V                  ; 2.72 V             ; -0.0349 V          ; 0.173 V                             ; 0.1 V                               ; 2.72e-10 s                 ; 2.69e-10 s                 ; Yes                       ; Yes                       ;
; cpu_out[0]    ; 2.5 V        ; 0 s                 ; 0 s                 ; 2.62 V                       ; 4.05e-08 V                   ; 2.72 V              ; -0.0349 V           ; 0.173 V                              ; 0.1 V                                ; 2.72e-10 s                  ; 2.69e-10 s                  ; Yes                        ; Yes                        ; 2.62 V                      ; 4.05e-08 V                  ; 2.72 V             ; -0.0349 V          ; 0.173 V                             ; 0.1 V                               ; 2.72e-10 s                 ; 2.69e-10 s                 ; Yes                       ; Yes                       ;
; MEM_OUT[9]    ; 2.5 V        ; 0 s                 ; 0 s                 ; 2.62 V                       ; 4.05e-08 V                   ; 2.72 V              ; -0.0349 V           ; 0.173 V                              ; 0.1 V                                ; 2.72e-10 s                  ; 2.69e-10 s                  ; Yes                        ; Yes                        ; 2.62 V                      ; 4.05e-08 V                  ; 2.72 V             ; -0.0349 V          ; 0.173 V                             ; 0.1 V                               ; 2.72e-10 s                 ; 2.69e-10 s                 ; Yes                       ; Yes                       ;
; MEM_OUT[8]    ; 2.5 V        ; 0 s                 ; 0 s                 ; 2.62 V                       ; 4.05e-08 V                   ; 2.72 V              ; -0.0349 V           ; 0.173 V                              ; 0.1 V                                ; 2.72e-10 s                  ; 2.69e-10 s                  ; Yes                        ; Yes                        ; 2.62 V                      ; 4.05e-08 V                  ; 2.72 V             ; -0.0349 V          ; 0.173 V                             ; 0.1 V                               ; 2.72e-10 s                 ; 2.69e-10 s                 ; Yes                       ; Yes                       ;
; MEM_OUT[7]    ; 2.5 V        ; 0 s                 ; 0 s                 ; 2.62 V                       ; 4.05e-08 V                   ; 2.72 V              ; -0.0349 V           ; 0.173 V                              ; 0.1 V                                ; 2.72e-10 s                  ; 2.69e-10 s                  ; Yes                        ; Yes                        ; 2.62 V                      ; 4.05e-08 V                  ; 2.72 V             ; -0.0349 V          ; 0.173 V                             ; 0.1 V                               ; 2.72e-10 s                 ; 2.69e-10 s                 ; Yes                       ; Yes                       ;
; MEM_OUT[6]    ; 2.5 V        ; 0 s                 ; 0 s                 ; 2.62 V                       ; 4.05e-08 V                   ; 2.72 V              ; -0.0349 V           ; 0.173 V                              ; 0.1 V                                ; 2.72e-10 s                  ; 2.69e-10 s                  ; Yes                        ; Yes                        ; 2.62 V                      ; 4.05e-08 V                  ; 2.72 V             ; -0.0349 V          ; 0.173 V                             ; 0.1 V                               ; 2.72e-10 s                 ; 2.69e-10 s                 ; Yes                       ; Yes                       ;
; MEM_OUT[5]    ; 2.5 V        ; 0 s                 ; 0 s                 ; 2.62 V                       ; 4.05e-08 V                   ; 2.72 V              ; -0.0349 V           ; 0.173 V                              ; 0.1 V                                ; 2.72e-10 s                  ; 2.69e-10 s                  ; Yes                        ; Yes                        ; 2.62 V                      ; 4.05e-08 V                  ; 2.72 V             ; -0.0349 V          ; 0.173 V                             ; 0.1 V                               ; 2.72e-10 s                 ; 2.69e-10 s                 ; Yes                       ; Yes                       ;
; MEM_OUT[4]    ; 2.5 V        ; 0 s                 ; 0 s                 ; 2.62 V                       ; 4.05e-08 V                   ; 2.72 V              ; -0.0349 V           ; 0.173 V                              ; 0.1 V                                ; 2.72e-10 s                  ; 2.69e-10 s                  ; Yes                        ; Yes                        ; 2.62 V                      ; 4.05e-08 V                  ; 2.72 V             ; -0.0349 V          ; 0.173 V                             ; 0.1 V                               ; 2.72e-10 s                 ; 2.69e-10 s                 ; Yes                       ; Yes                       ;
; MEM_OUT[3]    ; 2.5 V        ; 0 s                 ; 0 s                 ; 2.62 V                       ; 4.05e-08 V                   ; 2.72 V              ; -0.0349 V           ; 0.173 V                              ; 0.1 V                                ; 2.72e-10 s                  ; 2.69e-10 s                  ; Yes                        ; Yes                        ; 2.62 V                      ; 4.05e-08 V                  ; 2.72 V             ; -0.0349 V          ; 0.173 V                             ; 0.1 V                               ; 2.72e-10 s                 ; 2.69e-10 s                 ; Yes                       ; Yes                       ;
; MEM_OUT[2]    ; 2.5 V        ; 0 s                 ; 0 s                 ; 2.62 V                       ; 4.05e-08 V                   ; 2.72 V              ; -0.0349 V           ; 0.173 V                              ; 0.1 V                                ; 2.72e-10 s                  ; 2.69e-10 s                  ; Yes                        ; Yes                        ; 2.62 V                      ; 4.05e-08 V                  ; 2.72 V             ; -0.0349 V          ; 0.173 V                             ; 0.1 V                               ; 2.72e-10 s                 ; 2.69e-10 s                 ; Yes                       ; Yes                       ;
; MEM_OUT[1]    ; 2.5 V        ; 0 s                 ; 0 s                 ; 2.62 V                       ; 4.05e-08 V                   ; 2.72 V              ; -0.0349 V           ; 0.173 V                              ; 0.1 V                                ; 2.72e-10 s                  ; 2.69e-10 s                  ; Yes                        ; Yes                        ; 2.62 V                      ; 4.05e-08 V                  ; 2.72 V             ; -0.0349 V          ; 0.173 V                             ; 0.1 V                               ; 2.72e-10 s                 ; 2.69e-10 s                 ; Yes                       ; Yes                       ;
; MEM_OUT[0]    ; 2.5 V        ; 0 s                 ; 0 s                 ; 2.62 V                       ; 4.05e-08 V                   ; 2.72 V              ; -0.0349 V           ; 0.173 V                              ; 0.1 V                                ; 2.72e-10 s                  ; 2.69e-10 s                  ; Yes                        ; Yes                        ; 2.62 V                      ; 4.05e-08 V                  ; 2.72 V             ; -0.0349 V          ; 0.173 V                             ; 0.1 V                               ; 2.72e-10 s                 ; 2.69e-10 s                 ; Yes                       ; Yes                       ;
; HEX0[6]       ; 2.5 V        ; 0 s                 ; 0 s                 ; 2.62 V                       ; 2.74e-08 V                   ; 2.73 V              ; -0.0384 V           ; 0.169 V                              ; 0.089 V                              ; 2.7e-10 s                   ; 2.62e-10 s                  ; Yes                        ; Yes                        ; 2.62 V                      ; 2.74e-08 V                  ; 2.73 V             ; -0.0384 V          ; 0.169 V                             ; 0.089 V                             ; 2.7e-10 s                  ; 2.62e-10 s                 ; Yes                       ; Yes                       ;
; HEX0[5]       ; 2.5 V        ; 0 s                 ; 0 s                 ; 2.62 V                       ; 2.74e-08 V                   ; 2.64 V              ; -0.0117 V           ; 0.202 V                              ; 0.176 V                              ; 2.38e-09 s                  ; 2.22e-09 s                  ; No                         ; Yes                        ; 2.62 V                      ; 2.74e-08 V                  ; 2.64 V             ; -0.0117 V          ; 0.202 V                             ; 0.176 V                             ; 2.38e-09 s                 ; 2.22e-09 s                 ; No                        ; Yes                       ;
; HEX0[4]       ; 2.5 V        ; 0 s                 ; 0 s                 ; 2.62 V                       ; 2.74e-08 V                   ; 2.73 V              ; -0.0384 V           ; 0.169 V                              ; 0.089 V                              ; 2.7e-10 s                   ; 2.62e-10 s                  ; Yes                        ; Yes                        ; 2.62 V                      ; 2.74e-08 V                  ; 2.73 V             ; -0.0384 V          ; 0.169 V                             ; 0.089 V                             ; 2.7e-10 s                  ; 2.62e-10 s                 ; Yes                       ; Yes                       ;
; HEX0[3]       ; 2.5 V        ; 0 s                 ; 0 s                 ; 2.62 V                       ; 2.74e-08 V                   ; 2.73 V              ; -0.0384 V           ; 0.169 V                              ; 0.089 V                              ; 2.7e-10 s                   ; 2.62e-10 s                  ; Yes                        ; Yes                        ; 2.62 V                      ; 2.74e-08 V                  ; 2.73 V             ; -0.0384 V          ; 0.169 V                             ; 0.089 V                             ; 2.7e-10 s                  ; 2.62e-10 s                 ; Yes                       ; Yes                       ;
; HEX0[2]       ; 2.5 V        ; 0 s                 ; 0 s                 ; 2.62 V                       ; 4.05e-08 V                   ; 2.72 V              ; -0.0349 V           ; 0.173 V                              ; 0.1 V                                ; 2.72e-10 s                  ; 2.69e-10 s                  ; Yes                        ; Yes                        ; 2.62 V                      ; 4.05e-08 V                  ; 2.72 V             ; -0.0349 V          ; 0.173 V                             ; 0.1 V                               ; 2.72e-10 s                 ; 2.69e-10 s                 ; Yes                       ; Yes                       ;
; HEX0[1]       ; 2.5 V        ; 0 s                 ; 0 s                 ; 2.62 V                       ; 4.05e-08 V                   ; 2.64 V              ; -0.0113 V           ; 0.208 V                              ; 0.179 V                              ; 2.38e-09 s                  ; 2.23e-09 s                  ; No                         ; Yes                        ; 2.62 V                      ; 4.05e-08 V                  ; 2.64 V             ; -0.0113 V          ; 0.208 V                             ; 0.179 V                             ; 2.38e-09 s                 ; 2.23e-09 s                 ; No                        ; Yes                       ;
; HEX0[0]       ; 2.5 V        ; 0 s                 ; 0 s                 ; 2.62 V                       ; 4.05e-08 V                   ; 2.72 V              ; -0.0349 V           ; 0.173 V                              ; 0.1 V                                ; 2.72e-10 s                  ; 2.69e-10 s                  ; Yes                        ; Yes                        ; 2.62 V                      ; 4.05e-08 V                  ; 2.72 V             ; -0.0349 V          ; 0.173 V                             ; 0.1 V                               ; 2.72e-10 s                 ; 2.69e-10 s                 ; Yes                       ; Yes                       ;
; ~ALTERA_DCLK~ ; 2.5 V        ; 0 s                 ; 0 s                 ; 2.62 V                       ; 2.22e-08 V                   ; 2.74 V              ; -0.06 V             ; 0.158 V                              ; 0.08 V                               ; 2.68e-10 s                  ; 2.19e-10 s                  ; Yes                        ; Yes                        ; 2.62 V                      ; 2.22e-08 V                  ; 2.74 V             ; -0.06 V            ; 0.158 V                             ; 0.08 V                              ; 2.68e-10 s                 ; 2.19e-10 s                 ; Yes                       ; Yes                       ;
; ~ALTERA_nCEO~ ; 2.5 V        ; 0 s                 ; 0 s                 ; 2.62 V                       ; 3.54e-08 V                   ; 2.7 V               ; -0.00943 V          ; 0.276 V                              ; 0.035 V                              ; 3.19e-10 s                  ; 4.99e-10 s                  ; No                         ; Yes                        ; 2.62 V                      ; 3.54e-08 V                  ; 2.7 V              ; -0.00943 V         ; 0.276 V                             ; 0.035 V                             ; 3.19e-10 s                 ; 4.99e-10 s                 ; No                        ; Yes                       ;
+---------------+--------------+---------------------+---------------------+------------------------------+------------------------------+---------------------+---------------------+--------------------------------------+--------------------------------------+-----------------------------+-----------------------------+----------------------------+----------------------------+-----------------------------+-----------------------------+--------------------+--------------------+-------------------------------------+-------------------------------------+----------------------------+----------------------------+---------------------------+---------------------------+


+-------------------------------------------------------------------+
; Setup Transfers                                                   ;
+------------+----------+----------+----------+----------+----------+
; From Clock ; To Clock ; RR Paths ; FR Paths ; RF Paths ; FF Paths ;
+------------+----------+----------+----------+----------+----------+
; clk        ; clk      ; 220      ; 0        ; 0        ; 0        ;
+------------+----------+----------+----------+----------+----------+
Entries labeled "false path" only account for clock-to-clock false paths and not path-based false paths. As a result, actual path counts may be lower than reported.


+-------------------------------------------------------------------+
; Hold Transfers                                                    ;
+------------+----------+----------+----------+----------+----------+
; From Clock ; To Clock ; RR Paths ; FR Paths ; RF Paths ; FF Paths ;
+------------+----------+----------+----------+----------+----------+
; clk        ; clk      ; 220      ; 0        ; 0        ; 0        ;
+------------+----------+----------+----------+----------+----------+
Entries labeled "false path" only account for clock-to-clock false paths and not path-based false paths. As a result, actual path counts may be lower than reported.


---------------
; Report TCCS ;
---------------
No dedicated SERDES Transmitter circuitry present in device or used in design


---------------
; Report RSKM ;
---------------
No non-DPA dedicated SERDES Receiver circuitry present in device or used in design


+------------------------------------------------+
; Unconstrained Paths Summary                    ;
+---------------------------------+-------+------+
; Property                        ; Setup ; Hold ;
+---------------------------------+-------+------+
; Illegal Clocks                  ; 0     ; 0    ;
; Unconstrained Clocks            ; 0     ; 0    ;
; Unconstrained Input Ports       ; 1     ; 1    ;
; Unconstrained Input Port Paths  ; 23    ; 23   ;
; Unconstrained Output Ports      ; 25    ; 25   ;
; Unconstrained Output Port Paths ; 25    ; 25   ;
+---------------------------------+-------+------+


+-------------------------------------+
; Clock Status Summary                ;
+--------+-------+------+-------------+
; Target ; Clock ; Type ; Status      ;
+--------+-------+------+-------------+
; CLK    ; clk   ; Base ; Constrained ;
+--------+-------+------+-------------+


+---------------------------------------------------------------------------------------------------+
; Unconstrained Input Ports                                                                         ;
+------------+--------------------------------------------------------------------------------------+
; Input Port ; Comment                                                                              ;
+------------+--------------------------------------------------------------------------------------+
; RST        ; No input delay, min/max delays, false-path exceptions, or max skew assignments found ;
+------------+--------------------------------------------------------------------------------------+


+-----------------------------------------------------------------------------------------------------+
; Unconstrained Output Ports                                                                          ;
+-------------+---------------------------------------------------------------------------------------+
; Output Port ; Comment                                                                               ;
+-------------+---------------------------------------------------------------------------------------+
; HEX0[0]     ; No output delay, min/max delays, false-path exceptions, or max skew assignments found ;
; HEX0[1]     ; No output delay, min/max delays, false-path exceptions, or max skew assignments found ;
; HEX0[2]     ; No output delay, min/max delays, false-path exceptions, or max skew assignments found ;
; HEX0[3]     ; No output delay, min/max delays, false-path exceptions, or max skew assignments found ;
; HEX0[4]     ; No output delay, min/max delays, false-path exceptions, or max skew assignments found ;
; HEX0[5]     ; No output delay, min/max delays, false-path exceptions, or max skew assignments found ;
; HEX0[6]     ; No output delay, min/max delays, false-path exceptions, or max skew assignments found ;
; MEM_OUT[0]  ; No output delay, min/max delays, false-path exceptions, or max skew assignments found ;
; MEM_OUT[1]  ; No output delay, min/max delays, false-path exceptions, or max skew assignments found ;
; MEM_OUT[2]  ; No output delay, min/max delays, false-path exceptions, or max skew assignments found ;
; MEM_OUT[3]  ; No output delay, min/max delays, false-path exceptions, or max skew assignments found ;
; MEM_OUT[4]  ; No output delay, min/max delays, false-path exceptions, or max skew assignments found ;
; MEM_OUT[5]  ; No output delay, min/max delays, false-path exceptions, or max skew assignments found ;
; MEM_OUT[6]  ; No output delay, min/max delays, false-path exceptions, or max skew assignments found ;
; MEM_OUT[7]  ; No output delay, min/max delays, false-path exceptions, or max skew assignments found ;
; MEM_OUT[8]  ; No output delay, min/max delays, false-path exceptions, or max skew assignments found ;
; MEM_OUT[9]  ; No output delay, min/max delays, false-path exceptions, or max skew assignments found ;
; cpu_out[0]  ; No output delay, min/max delays, false-path exceptions, or max skew assignments found ;
; cpu_out[1]  ; No output delay, min/max delays, false-path exceptions, or max skew assignments found ;
; cpu_out[2]  ; No output delay, min/max delays, false-path exceptions, or max skew assignments found ;
; cpu_out[3]  ; No output delay, min/max delays, false-path exceptions, or max skew assignments found ;
; cpu_out[4]  ; No output delay, min/max delays, false-path exceptions, or max skew assignments found ;
; cpu_out[5]  ; No output delay, min/max delays, false-path exceptions, or max skew assignments found ;
; cpu_out[6]  ; No output delay, min/max delays, false-path exceptions, or max skew assignments found ;
; cpu_out[7]  ; No output delay, min/max delays, false-path exceptions, or max skew assignments found ;
+-------------+---------------------------------------------------------------------------------------+


+---------------------------------------------------------------------------------------------------+
; Unconstrained Input Ports                                                                         ;
+------------+--------------------------------------------------------------------------------------+
; Input Port ; Comment                                                                              ;
+------------+--------------------------------------------------------------------------------------+
; RST        ; No input delay, min/max delays, false-path exceptions, or max skew assignments found ;
+------------+--------------------------------------------------------------------------------------+


+-----------------------------------------------------------------------------------------------------+
; Unconstrained Output Ports                                                                          ;
+-------------+---------------------------------------------------------------------------------------+
; Output Port ; Comment                                                                               ;
+-------------+---------------------------------------------------------------------------------------+
; HEX0[0]     ; No output delay, min/max delays, false-path exceptions, or max skew assignments found ;
; HEX0[1]     ; No output delay, min/max delays, false-path exceptions, or max skew assignments found ;
; HEX0[2]     ; No output delay, min/max delays, false-path exceptions, or max skew assignments found ;
; HEX0[3]     ; No output delay, min/max delays, false-path exceptions, or max skew assignments found ;
; HEX0[4]     ; No output delay, min/max delays, false-path exceptions, or max skew assignments found ;
; HEX0[5]     ; No output delay, min/max delays, false-path exceptions, or max skew assignments found ;
; HEX0[6]     ; No output delay, min/max delays, false-path exceptions, or max skew assignments found ;
; MEM_OUT[0]  ; No output delay, min/max delays, false-path exceptions, or max skew assignments found ;
; MEM_OUT[1]  ; No output delay, min/max delays, false-path exceptions, or max skew assignments found ;
; MEM_OUT[2]  ; No output delay, min/max delays, false-path exceptions, or max skew assignments found ;
; MEM_OUT[3]  ; No output delay, min/max delays, false-path exceptions, or max skew assignments found ;
; MEM_OUT[4]  ; No output delay, min/max delays, false-path exceptions, or max skew assignments found ;
; MEM_OUT[5]  ; No output delay, min/max delays, false-path exceptions, or max skew assignments found ;
; MEM_OUT[6]  ; No output delay, min/max delays, false-path exceptions, or max skew assignments found ;
; MEM_OUT[7]  ; No output delay, min/max delays, false-path exceptions, or max skew assignments found ;
; MEM_OUT[8]  ; No output delay, min/max delays, false-path exceptions, or max skew assignments found ;
; MEM_OUT[9]  ; No output delay, min/max delays, false-path exceptions, or max skew assignments found ;
; cpu_out[0]  ; No output delay, min/max delays, false-path exceptions, or max skew assignments found ;
; cpu_out[1]  ; No output delay, min/max delays, false-path exceptions, or max skew assignments found ;
; cpu_out[2]  ; No output delay, min/max delays, false-path exceptions, or max skew assignments found ;
; cpu_out[3]  ; No output delay, min/max delays, false-path exceptions, or max skew assignments found ;
; cpu_out[4]  ; No output delay, min/max delays, false-path exceptions, or max skew assignments found ;
; cpu_out[5]  ; No output delay, min/max delays, false-path exceptions, or max skew assignments found ;
; cpu_out[6]  ; No output delay, min/max delays, false-path exceptions, or max skew assignments found ;
; cpu_out[7]  ; No output delay, min/max delays, false-path exceptions, or max skew assignments found ;
+-------------+---------------------------------------------------------------------------------------+


+--------------------------+
; Timing Analyzer Messages ;
+--------------------------+
Info: *******************************************************************
Info: Running Quartus Prime Timing Analyzer
    Info: Version 20.1.1 Build 720 11/11/2020 SJ Standard Edition
    Info: Processing started: Wed Aug  5 09:25:47 2026
Info: Command: quartus_sta first_cpu_mem -c first_cpu_mem
Info: qsta_default_script.tcl version: #1
Warning (18236): Number of processors has not been specified which may cause overloading on shared machines.  Set the global assignment NUM_PARALLEL_PROCESSORS in your QSF to an appropriate value for best performance.
Info (20030): Parallel compilation is enabled and will use 12 of the 12 processors detected
Info (21076): High junction temperature operating condition is not set. Assuming a default value of '85'.
Info (21076): Low junction temperature operating condition is not set. Assuming a default value of '0'.
Info (332104): Reading SDC File: 'SDC1.sdc'
Info (332151): Clock uncertainty is not calculated until you update the timing netlist.
Info (332154): The derive_clock_uncertainty command did not apply clock uncertainty to any clock-to-clock transfers.
Info: Found TIMING_ANALYZER_REPORT_SCRIPT_INCLUDE_DEFAULT_ANALYSIS = ON
Info: Analyzing Slow 1200mV 85C Model
Info (332146): Worst-case setup slack is 13.086
    Info (332119):     Slack       End Point TNS Clock 
    Info (332119): ========= =================== =====================
    Info (332119):    13.086               0.000 clk 
Info (332146): Worst-case hold slack is 0.445
    Info (332119):     Slack       End Point TNS Clock 
    Info (332119): ========= =================== =====================
    Info (332119):     0.445               0.000 clk 
Info (332140): No Recovery paths to report
Info (332140): No Removal paths to report
Info (332146): Worst-case minimum pulse width slack is 9.675
    Info (332119):     Slack       End Point TNS Clock 
    Info (332119): ========= =================== =====================
    Info (332119):     9.675               0.000 clk 
Info: Analyzing Slow 1200mV 0C Model
Info (334003): Started post-fitting delay annotation
Info (334004): Delay annotation completed successfully
Info (332154): The derive_clock_uncertainty command did not apply clock uncertainty to any clock-to-clock transfers.
Info (332146): Worst-case setup slack is 13.715
    Info (332119):     Slack       End Point TNS Clock 
    Info (332119): ========= =================== =====================
    Info (332119):    13.715               0.000 clk 
Info (332146): Worst-case hold slack is 0.398
    Info (332119):     Slack       End Point TNS Clock 
    Info (332119): ========= =================== =====================
    Info (332119):     0.398               0.000 clk 
Info (332140): No Recovery paths to report
Info (332140): No Removal paths to report
Info (332146): Worst-case minimum pulse width slack is 9.721
    Info (332119):     Slack       End Point TNS Clock 
    Info (332119): ========= =================== =====================
    Info (332119):     9.721               0.000 clk 
Info: Analyzing Fast 1200mV 0C Model
Info (332154): The derive_clock_uncertainty command did not apply clock uncertainty to any clock-to-clock transfers.
Info (332146): Worst-case setup slack is 16.793
    Info (332119):     Slack       End Point TNS Clock 
    Info (332119): ========= =================== =====================
    Info (332119):    16.793               0.000 clk 
Info (332146): Worst-case hold slack is 0.208
    Info (332119):     Slack       End Point TNS Clock 
    Info (332119): ========= =================== =====================
    Info (332119):     0.208               0.000 clk 
Info (332140): No Recovery paths to report
Info (332140): No Removal paths to report
Info (332146): Worst-case minimum pulse width slack is 9.316
    Info (332119):     Slack       End Point TNS Clock 
    Info (332119): ========= =================== =====================
    Info (332119):     9.316               0.000 clk 
Info (332102): Design is not fully constrained for setup requirements
Info (332102): Design is not fully constrained for hold requirements
Info: Quartus Prime Timing Analyzer was successful. 0 errors, 1 warning
    Info: Peak virtual memory: 628 megabytes
    Info: Processing ended: Wed Aug  5 09:25:48 2026
    Info: Elapsed time: 00:00:01
    Info: Total CPU time (on all processors): 00:00:01


